Column1;Column1;Poca;X_centerPoca;Y_centerPoca;X_widthPoca;Y_heigthPoca;Arame;X_centerArame;Y_centerArame;X_widthArame;Y_heigthArame;X_centerPocar;Y_centerPocar;X_widthPocar;Y_heigthPocar;Arame;X_centerAramer;Y_centerAramer;X_widthAramer;Y_heigthAramer
Img76 (3);Img76 (3).txt;0;0,45937;0,49961;0,521867;0,99922;1;0,462081;0,271986;0,104817;0,543972;106,57384;114,9103;121,073144;229,8206;;107,202792;62,55678;24,317544;125,11356
Img23 (2);Img23 (2).txt;0;0,453579;0,5;0,489167;1;1;0,445016;0,2353;0,109062;0,4706;105,230328;115;113,486744;230;;103,243712;54,119;25,302384;108,238
Img46 (2);Img46 (2).txt;0;0,443584;0,499339;0,501086;0,998236;1;0,457405;0,277725;0,106882;0,55545;102,911488;114,84797;116,251952;229,59428;;106,11796;63,87675;24,796624;127,7535
Img14 (6);Img14 (6).txt;0;0,430599;0,500031;0,583669;0,999939;1;0,455978;0,290599;0,105598;0,581199;99,898968;115,00713;135,411208;229,98597;;105,786896;66,83777;24,498736;133,67577
Img11;Img11.txt;0;0,419432;0,499457;0,556562;0,998914;1;0,451047;0,27168;0,104471;0,54336;97,308224;114,87511;129,122384;229,75022;;104,642904;62,4864;24,237272;124,9728
Img5 (3);Img5 (3).txt;0;0,446619;0,498241;0,587804;0,996481;1;0,463218;0,23572;0,104614;0,47144;103,615608;114,59543;136,370528;229,19063;;107,466576;54,2156;24,270448;108,4312
Img36 (4);Img36 (4).txt;0;0,42721;0,5;0,610459;1;1;0,433877;0,305973;0,10751;0,611945;99,11272;115;141,626488;230;;100,659464;70,37379;24,94232;140,74735
Img26;Img26.txt;0;0,422374;0,499442;0,523091;0,998885;1;0,449911;0,267504;0,105646;0,535008;97,990768;114,87166;121,357112;229,74355;;104,379352;61,52592;24,509872;123,05184
Img43 (6);Img43 (6).txt;0;0,419233;0,500409;0,574901;0,999182;1;0,453642;0,289388;0,105199;0,578777;97,262056;115,09407;133,377032;229,81186;;105,244944;66,55924;24,406168;133,11871
Img58 (6);Img58 (6).txt;0;0,430824;0,500227;0,586879;0,999545;1;0,459008;0,293205;0,103815;0,58641;99,951168;115,05221;136,155928;229,89535;;106,489856;67,43715;24,08508;134,8743
Img26 (6);Img26 (6).txt;0;0,428407;0,500356;0,596361;0,999288;1;0,454369;0,281353;0,105439;0,562707;99,390424;115,08188;138,355752;229,83624;;105,413608;64,71119;24,461848;129,42261
Img13 (2);Img13 (2).txt;0;0,45699;0,498756;0,489735;0,997512;1;0,440281;0,228982;0,108696;0,457964;106,02168;114,71388;113,61852;229,42776;;102,145192;52,66586;25,217472;105,33172
Img75;Img75.txt;0;0,430103;0,499723;0,535272;0,999447;1;0,445738;0,282598;0,104305;0,565196;99,783896;114,93629;124,183104;229,87281;;103,411216;64,99754;24,19876;129,99508
Img62 (4);Img62 (4).txt;0;0,427192;0,500274;0,608627;0,999452;1;0,434345;0,299951;0,105319;0,599902;99,108544;115,06302;141,201464;229,87396;;100,76804;68,98873;24,434008;137,97746
Img43 (2);Img43 (2).txt;0;0,44047;0,49878;0,490289;0,996672;1;0,456046;0,264293;0,1081;0,528585;102,18904;114,7194;113,747048;229,23456;;105,802672;60,78739;25,0792;121,57455
Img63 (3);Img63 (3).txt;0;0,452936;0,499817;0,527905;0,999633;1;0,461954;0,272102;0,10398;0,544204;105,081152;114,95791;122,47396;229,91559;;107,173328;62,58346;24,12336;125,16692
Img59 (5);Img59 (5).txt;0;0,459996;0,498905;0,541727;0,99781;1;0,443538;0,267703;0,104743;0,535406;106,719072;114,74815;125,680664;229,4963;;102,900816;61,57169;24,300376;123,14338
Img30 (2);Img30 (2).txt;0;0,44781;0,499312;0,491812;0,997341;1;0,445956;0,258499;0,111486;0,515891;103,89192;114,84176;114,100384;229,38843;;103,461792;59,45477;25,864752;118,65493
Img19 (2);Img19 (2).txt;0;0,45722;0,499975;0,489332;0,999949;1;0,443016;0,223308;0,104287;0,446616;106,07504;114,99425;113,525024;229,98827;;102,779712;51,36084;24,194584;102,72168
Img34;Img34.txt;0;0,409166;0,499702;0,569446;0,999403;1;0,452213;0,269243;0,1028;0,538487;94,926512;114,93146;132,111472;229,86269;;104,913416;61,92589;23,8496;123,85201
Img40 (6);Img40 (6).txt;0;0,420156;0,500046;0,578051;0,999907;1;0,453794;0,290815;0,105674;0,581631;97,476192;115,01058;134,107832;229,97861;;105,280208;66,88745;24,516368;133,77513
Img44 (4);Img44 (4).txt;0;0,425974;0,500429;0,612031;0,999143;1;0,436248;0,278765;0,10633;0,555998;98,825968;115,09867;141,991192;229,80289;;101,209536;64,11595;24,66856;127,87954
Img18 (4);Img18 (4).txt;0;0,422141;0,500076;0,613863;0,999848;1;0,429594;0,276174;0,106749;0,552348;97,936712;115,01748;142,416216;229,96504;;99,665808;63,52002;24,765768;127,04004
Img49 (6);Img49 (6).txt;0;0,420817;0,500391;0,562582;0,999219;1;0,454567;0,291358;0,106543;0,582717;97,629544;115,08993;130,519024;229,82037;;105,459544;67,01234;24,717976;134,02491
Img50 (5);Img50 (5).txt;0;0,453017;0,499827;0,545602;0,999655;1;0,444099;0,270309;0,105136;0,540619;105,099944;114,96021;126,579664;229,92065;;103,030968;62,17107;24,391552;124,34237
Img35 (4);Img35 (4).txt;0;0,428328;0,500191;0,613285;0,999618;1;0,434546;0,293203;0,10714;0,586407;99,372096;115,04393;142,28212;229,91214;;100,814672;67,43669;24,85648;134,87361
Img19 (3);Img19 (3).txt;0;0,46632;0,499562;0,573752;0,999124;1;0,462112;0,2623;0,103411;0,524599;108,18624;114,89926;133,110464;229,79852;;107,209984;60,329;23,991352;120,65777
Img37 (2);Img37 (2).txt;0;0,445075;0,499338;0,498645;0,997766;1;0,451596;0,258807;0,112286;0,516361;103,2574;114,84774;115,68564;229,48618;;104,770272;59,52561;26,050352;118,76303
Img33 (3);Img33 (3).txt;0;0,455874;0,499351;0,532579;0,998702;1;0,464029;0,25677;0,104044;0,51354;105,762768;114,85073;123,558328;229,70146;;107,654728;59,0571;24,138208;118,1142
Img56 (3);Img56 (3).txt;0;0,439129;0,499664;0,578127;0,999329;1;0,462606;0,253386;0,105956;0,506773;101,877928;114,92272;134,125464;229,84567;;107,324592;58,27878;24,581792;116,55779
Img28 (6);Img28 (6).txt;0;0,422333;0,500268;0,592881;0,999463;1;0,454107;0,281096;0,10529;0,562193;97,981256;115,06164;137,548392;229,87649;;105,352824;64,65208;24,42728;129,30439
Img7 (6);Img7 (6).txt;0;0,432754;0,500133;0,65725;0,999733;1;0,457752;0,294251;0,103461;0,588501;100,398928;115,03059;152,482;229,93859;;106,198464;67,67773;24,002952;135,35523
Img38 (3);Img38 (3).txt;0;0,457617;0,49976;0,53695;0,99952;1;0,464591;0,269504;0,105125;0,539007;106,167144;114,9448;124,5724;229,8896;;107,785112;61,98592;24,389;123,97161
Img4 (5);Img4 (5).txt;0;0,449213;0,499121;0,558962;0,998242;1;0,455762;0,261046;0,10609;0,522093;104,217416;114,79783;129,679184;229,59566;;105,736784;60,04058;24,61288;120,08139
Img47 (3);Img47 (3).txt;0;0,450839;0,499631;0,546866;0,999262;1;0,461824;0,27391;0,104917;0,547819;104,594648;114,91513;126,872912;229,83026;;107,143168;62,9993;24,340744;125,99837
Img0 (5);Img0 (5).txt;0;0,446758;0,499589;0,545277;0,999178;1;0,455448;0,280805;0,10733;0,56161;103,647856;114,90547;126,504264;229,81094;;105,663936;64,58515;24,90056;129,1703
Img65 (3);Img65 (3).txt;0;0,458213;0,5;0,519665;1;1;0,461976;0,27419;0,105427;0,548379;106,305416;115;120,56228;230;;107,178432;63,0637;24,459064;126,12717
Img6 (2);Img6 (2).txt;0;0,467325;0,5;0,489969;1;1;0,437012;0,305901;0,10882;0,611802;108,4194;115;113,672808;230;;101,386784;70,35723;25,24624;140,71446
Img43 (3);Img43 (3).txt;0;0,463533;0,499422;0,530576;0,998843;1;0,462193;0,269581;0,104787;0,539162;107,539656;114,86706;123,093632;229,73389;;107,228776;62,00363;24,310584;124,00726
Img58;Img58.txt;0;0,428043;0,499482;0,569885;0,998964;1;0,449542;0,26686;0,102944;0,53372;99,305976;114,88086;132,21332;229,76172;;104,293744;61,3778;23,883008;122,7556
Img29 (5);Img29 (5).txt;0;0,453278;0,499911;0,532525;0,999822;1;0,444596;0,290531;0,106261;0,581062;105,160496;114,97953;123,5458;229,95906;;103,146272;66,82213;24,652552;133,64426
Img25 (3);Img25 (3).txt;0;0,496962;0,498159;0,663077;0,996318;1;0,462398;0,246825;0,104513;0,493649;115,295184;114,57657;153,833864;229,15314;;107,276336;56,76975;24,247016;113,53927
Img20 (6);Img20 (6).txt;0;0,423853;0,500353;0,575924;0,999293;1;0,454641;0,293954;0,10659;0,587907;98,333896;115,08119;133,614368;229,83739;;105,476712;67,60942;24,72888;135,21861
Img56 (2);Img56 (2).txt;0;0,442938;0,498919;0,499021;0,997758;1;0,457849;0,255014;0,110545;0,510029;102,761616;114,75137;115,772872;229,48434;;106,220968;58,65322;25,64644;117,30667
Img15 (4);Img15 (4).txt;0;0,422641;0,50051;0,618227;0,998979;1;0,430513;0,27927;0,10662;0,558449;98,052712;115,1173;143,428664;229,76517;;99,879016;64,2321;24,73584;128,44327
Img6 (6);Img6 (6).txt;0;0,431465;0,500285;0,638988;0,999429;1;0,45712;0,295163;0,104348;0,590325;100,09988;115,06555;148,245216;229,86867;;106,05184;67,88749;24,208736;135,77475
Img6 (3);Img6 (3).txt;0;0,451037;0,497945;0,557491;0,99589;1;0,463413;0,232167;0,104801;0,464334;104,640584;114,52735;129,337912;229,0547;;107,511816;53,39841;24,313832;106,79682
Img50 (4);Img50 (4).txt;0;0,4256;0,5;0,61794;1;1;0,436431;0,293563;0,106523;0,587126;98,7392;115;143,36208;230;;101,251992;67,51949;24,713336;135,03898
Img25 (5);Img25 (5).txt;0;0,45292;0,499272;0,541849;0,998544;1;0,448458;0,265113;0,103806;0,530227;105,07744;114,83256;125,708968;229,66512;;104,042256;60,97599;24,082992;121,95221
Img71 (4);Img71 (4).txt;0;0,426043;0,500354;0,627465;0,999292;1;0,437434;0,279803;0,106702;0,559605;98,841976;115,08142;145,57188;229,83716;;101,484688;64,35469;24,754864;128,70915
Img68 (5);Img68 (5).txt;0;0,452982;0,499415;0,535709;0,99883;1;0,44706;0,266429;0,104808;0,532858;105,091824;114,86545;124,284488;229,7309;;103,71792;61,27867;24,315456;122,55734
Img76;Img76.txt;0;0,409668;0,499714;0,505172;0,999427;1;0,446863;0,281197;0,102489;0,562393;95,042976;114,93422;117,199904;229,86821;;103,672216;64,67531;23,777448;129,35039
Img37;Img37.txt;0;0,420776;0,499479;0,547165;0,998959;1;0,451661;0,274218;0,103136;0,548437;97,620032;114,88017;126,94228;229,76057;;104,785352;63,07014;23,927552;126,14051
Img34 (4);Img34 (4).txt;0;0,424581;0,500321;0,62176;0,999358;1;0,43461;0,284548;0,107204;0,56882;98,502792;115,07383;144,24832;229,85234;;100,82952;65,44604;24,871328;130,8286
Img6;Img6.txt;0;0,416614;0,499698;0,512849;0,999396;1;0,451589;0,277086;0,105303;0,554172;96,654448;114,93054;118,980968;229,86108;;104,768648;63,72978;24,430296;127,45956
Img65 (5);Img65 (5).txt;0;0,453285;0,499231;0,524765;0,998462;1;0,444248;0,281075;0,106375;0,562151;105,16212;114,82313;121,74548;229,64626;;103,065536;64,64725;24,679;129,29473
Img55 (6);Img55 (6).txt;0;0,437175;0,5;0,630695;1;1;0,456396;0,279737;0,104501;0,559474;101,4246;115;146,32124;230;;105,883872;64,33951;24,244232;128,67902
Img38 (4);Img38 (4).txt;0;0,426102;0,5;0,59659;1;1;0,4338;0,329481;0,106945;0,658962;98,855664;115;138,40888;230;;100,6416;75,78063;24,81124;151,56126
Img25;Img25.txt;0;0,424961;0,49926;0,531931;0,998519;1;0,449626;0,264268;0,105209;0,528536;98,590952;114,8298;123,407992;229,65937;;104,313232;60,78164;24,408488;121,56328
Img50 (3);Img50 (3).txt;0;0,460494;0,499556;0,526946;0,999112;1;0,461412;0,257102;0,105331;0,514203;106,834608;114,89788;122,251472;229,79576;;107,047584;59,13346;24,436792;118,26669
Img0 (2);Img0 (2).txt;0;0,466828;0,5;0,4944;1;1;0,433472;0,298343;0,101805;0,596686;108,304096;115;114,7008;230;;100,565504;68,61889;23,61876;137,23778
Img59 (3);Img59 (3).txt;0;0,462221;0,499251;0,546327;0,998502;1;0,462411;0,276622;0,105964;0,553244;107,235272;114,82773;126,747864;229,65546;;107,279352;63,62306;24,583648;127,24612
Img42 (4);Img42 (4).txt;0;0,419109;0,500253;0,622121;0,999493;1;0,43483;0,286264;0,108212;0,572528;97,233288;115,05819;144,332072;229,88339;;100,88056;65,84072;25,105184;131,68144
Img52 (2);Img52 (2).txt;0;0,445098;0,499424;0,493776;0,998847;1;0,457865;0,286548;0,108759;0,573096;103,262736;114,86752;114,556032;229,73481;;106,22468;65,90604;25,232088;131,81208
Img57 (4);Img57 (4).txt;0;0,425529;0,500295;0,614367;0,999411;1;0,437241;0,278162;0,107741;0,556324;98,722728;115,06785;142,533144;229,86453;;101,439912;63,97726;24,995912;127,95452
Img52;Img52.txt;0;0,417102;0,498542;0,539706;0,997084;1;0,450312;0,264955;0,104808;0,52991;96,767664;114,66466;125,211792;229,32932;;104,472384;60,93965;24,315456;121,8793
Img41 (2);Img41 (2).txt;0;0,444636;0,499932;0,50793;0,997262;1;0,454984;0,265739;0,109673;0,531478;103,155552;114,98436;117,83976;229,37026;;105,556288;61,11997;25,444136;122,23994
Img56 (6);Img56 (6).txt;0;0,429529;0,500285;0,610624;0,99943;1;0,458097;0,2801;0,102847;0,5602;99,650728;115,06555;141,664768;229,8689;;106,278504;64,423;23,860504;128,846
Img53 (3);Img53 (3).txt;0;0,464833;0,499945;0,498922;0,999889;1;0,460858;0,266057;0,106718;0,532114;107,841256;114,98735;115,749904;229,97447;;106,919056;61,19311;24,758576;122,38622
Img27 (3);Img27 (3).txt;0;0,457543;0,498937;0,550585;0,997873;1;0,463059;0,252648;0,104697;0,505296;106,149976;114,75551;127,73572;229,51079;;107,429688;58,10904;24,289704;116,21808
Img54;Img54.txt;0;0,406317;0,499021;0,588312;0,998041;1;0,451166;0,263399;0,103575;0,526799;94,265544;114,77483;136,488384;229,54943;;104,670512;60,58177;24,0294;121,16377
Img2 (5);Img2 (5).txt;0;0,458356;0,498593;0,573853;0,997187;1;0,45521;0,25818;0,105116;0,515909;106,338592;114,67639;133,133896;229,35301;;105,60872;59,3814;24,386912;118,65907
Img66 (4);Img66 (4).txt;0;0,421862;0,5;0,658471;1;1;0,437279;0,309061;0,106406;0,617848;97,871984;115;152,765272;230;;101,448728;71,08403;24,686192;142,10504
Img51 (3);Img51 (3).txt;0;0,461323;0,5;0,513339;1;1;0,460255;0,258468;0,106396;0,516937;107,026936;115;119,094648;230;;106,77916;59,44764;24,683872;118,89551
Img29 (6);Img29 (6).txt;0;0,421428;0,500195;0,591321;0,99961;1;0,454792;0,289445;0,104749;0,57889;97,771296;115,04485;137,186472;229,9103;;105,511744;66,57235;24,301768;133,1447
Img18 (2);Img18 (2).txt;0;0,456537;0,498971;0,488147;0,996877;1;0,441826;0,222645;0,107858;0,44529;105,916584;114,76333;113,250104;229,28171;;102,503632;51,20835;25,023056;102,4167
Img53 (2);Img53 (2).txt;0;0,443137;0,499261;0,495976;0,998521;1;0,457916;0,278664;0,109317;0,557327;102,807784;114,83003;115,066432;229,65983;;106,236512;64,09272;25,361544;128,18521
Img23 (5);Img23 (5).txt;0;0,450849;0,499718;0,53249;0,999435;1;0,447497;0,2702;0,106136;0,5404;104,596968;114,93514;123,53768;229,87005;;103,819304;62,146;24,623552;124,292
Img3 (2);Img3 (2).txt;0;0,462415;0,5;0,488189;1;1;0,435657;0,326363;0,108721;0,652726;107,28028;115;113,259848;230;;101,072424;75,06349;25,223272;150,12698
Img68;Img68.txt;0;0,429665;0,5;0,531714;1;1;0,447469;0,281776;0,103041;0,563553;99,68228;115;123,357648;230;;103,812808;64,80848;23,905512;129,61719
Img69 (2);Img69 (2).txt;0;0,444367;0,499062;0,491764;0,997568;1;0,452271;0,255493;0,113258;0,510171;103,093144;114,78426;114,089248;229,44064;;104,926872;58,76339;26,275856;117,33933
Img49 (4);Img49 (4).txt;0;0,429177;0,5;0,62358;1;1;0,436982;0,290215;0,108277;0,580429;99,569064;115;144,67056;230;;101,379824;66,74945;25,120264;133,49867
Img17 (4);Img17 (4).txt;0;0,421123;0,500046;0,612913;0,999908;1;0,429802;0,282653;0,106741;0,565305;97,700536;115,01058;142,195816;229,97884;;99,714064;65,01019;24,763912;130,02015
Img1 (2);Img1 (2).txt;0;0,468975;0,5;0,491458;1;1;0,435677;0,313361;0,10179;0,626723;108,8022;115;114,018256;230;;101,077064;72,07303;23,61528;144,14629
Img36 (5);Img36 (5).txt;0;0,452336;0,499708;0,536245;0,999417;1;0,443423;0,27273;0,105427;0,54546;104,941952;114,93284;124,40884;229,86591;;102,874136;62,7279;24,459064;125,4558
Img67 (4);Img67 (4).txt;0;0,417685;0,5;0,668486;1;1;0,436956;0,303874;0,106216;0,606944;96,90292;115;155,088752;230;;101,373792;69,89102;24,642112;139,59712
Img28 (3);Img28 (3).txt;0;0,457058;0,499232;0,555348;0,998465;1;0,463224;0,26376;0,105209;0,52752;106,037456;114,82336;128,840736;229,64695;;107,467968;60,6648;24,408488;121,3296
Img70;Img70.txt;0;0,42871;0,499964;0,532898;0,999927;1;0,446565;0,277779;0,105173;0,555557;99,46072;114,99172;123,632336;229,98321;;103,60308;63,88917;24,400136;127,77811
Img8 (4);Img8 (4).txt;0;0,423068;0,500343;0,618952;0,999314;1;0,429274;0,274892;0,107637;0,549784;98,151776;115,07889;143,596864;229,84222;;99,591568;63,22516;24,971784;126,45032
Img72 (2);Img72 (2).txt;0;0,444611;0,499475;0,492035;0,998951;1;0,450881;0,273507;0,112258;0,547015;103,149752;114,87925;114,15212;229,75873;;104,604392;62,90661;26,043856;125,81345
Img23 (4);Img23 (4).txt;0;0,42051;0,500307;0,606379;0,999386;1;0,429126;0,277224;0,107463;0,554447;97,55832;115,07061;140,679928;229,85878;;99,557232;63,76152;24,931416;127,52281
Img34 (5);Img34 (5).txt;0;0,452777;0,499725;0,543549;0,99945;1;0,444218;0,275182;0,105845;0,550365;105,044264;114,93675;126,103368;229,8735;;103,058576;63,29186;24,55604;126,58395
Img9 (2);Img9 (2).txt;0;0,464322;0,499982;0,485952;0,999963;1;0,437604;0,257308;0,11009;0,511947;107,722704;114,99586;112,740864;229,99149;;101,524128;59,18084;25,54088;117,74781
Img63 (5);Img63 (5).txt;0;0,458246;0,499197;0,536713;0,998394;1;0,444415;0,275024;0,106022;0,550049;106,313072;114,81531;124,517416;229,63062;;103,10428;63,25552;24,597104;126,51127
Img45 (3);Img45 (3).txt;0;0,460764;0,499768;0,52688;0,999535;1;0,462354;0,2733;0,105498;0,546601;106,897248;114,94664;122,23616;229,89305;;107,266128;62,859;24,475536;125,71823
Img39;Img39.txt;0;0,428498;0,499993;0,529409;0,999987;1;0,450683;0,274069;0,104359;0,548138;99,411536;114,99839;122,822888;229,99701;;104,558456;63,03587;24,211288;126,07174
Img55 (4);Img55 (4).txt;0;0,4249;0,500119;0,613749;0,999761;1;0,437224;0,282629;0,108758;0,565259;98,5768;115,02737;142,389768;229,94503;;101,435968;65,00467;25,231856;130,00957
Img12 (4);Img12 (4).txt;0;0,421939;0,500385;0,61904;0,99923;1;0,427833;0,281393;0,107764;0,562786;97,889848;115,08855;143,61728;229,8229;;99,257256;64,72039;25,001248;129,44078
Img61 (2);Img61 (2).txt;0;0,44538;0,499187;0,495716;0,997384;1;0,454447;0,257387;0,113479;0,512117;103,32816;114,81301;115,006112;229,39832;;105,431704;59,19901;26,327128;117,78691
Img22 (5);Img22 (5).txt;0;0,451549;0,5;0,533454;1;1;0,447955;0,265235;0,106574;0,53047;104,759368;115;123,761328;230;;103,92556;61,00405;24,725168;122,0081
Img62 (2);Img62 (2).txt;0;0,444354;0,499071;0,499228;0,998142;1;0,454475;0,262235;0,11349;0,523752;103,090128;114,78633;115,820896;229,57266;;105,4382;60,31405;26,32968;120,46296
Img44 (2);Img44 (2).txt;0;0,440527;0,499129;0,488272;0,996161;1;0,456369;0,266004;0,108362;0,532008;102,202264;114,79967;113,279104;229,11703;;105,877608;61,18092;25,139984;122,36184
Img40 (5);Img40 (5).txt;0;0,452561;0,49983;0,540216;0,99966;1;0,442917;0,277228;0,105615;0,554457;104,994152;114,9609;125,330112;229,9218;;102,756744;63,76244;24,50268;127,52511
Img40 (2);Img40 (2).txt;0;0,445986;0,499768;0,516481;0,998324;1;0,455462;0,258861;0,108459;0,517723;103,468752;114,94664;119,823592;229,61452;;105,667184;59,53803;25,162488;119,07629
Img29 (4);Img29 (4).txt;0;0,4261;0,500266;0,608075;0,999467;1;0,433094;0,310332;0,107335;0,620665;98,8552;115,06118;141,0734;229,87741;;100,477808;71,37636;24,90172;142,75295
Img55 (5);Img55 (5).txt;0;0,458665;0,498514;0,547582;0,997028;1;0,442649;0,272089;0,104863;0,544177;106,41028;114,65822;127,039024;229,31644;;102,694568;62,58047;24,328216;125,16071
Img3;Img3.txt;0;0,417911;0,499634;0,526415;0,999267;1;0,449966;0,267799;0,104288;0,535599;96,955352;114,91582;122,12828;229,83141;;104,392112;61,59377;24,194816;123,18777
Img72;Img72.txt;0;0,423578;0,5;0,511566;1;1;0,446722;0,283647;0,105816;0,567294;98,270096;115;118,683312;230;;103,639504;65,23881;24,549312;130,47762
Img73 (5);Img73 (5).txt;0;0,457935;0,499246;0,537911;0,998493;1;0,44768;0,280641;0,103874;0,561282;106,24092;114,82658;124,795352;229,65339;;103,86176;64,54743;24,098768;129,09486
Img10 (5);Img10 (5).txt;0;0,444369;0,499242;0,552356;0,998484;1;0,451525;0,264561;0,106485;0,529123;103,093608;114,82566;128,146592;229,65132;;104,7538;60,84903;24,70452;121,69829
Img31 (6);Img31 (6).txt;0;0,421515;0,500273;0,588706;0,999455;1;0,454724;0,297704;0,104452;0,595408;97,79148;115,06279;136,579792;229,87465;;105,495968;68,47192;24,232864;136,94384
Img38 (6);Img38 (6).txt;0;0,421644;0,500236;0,581268;0,999528;1;0,45398;0,288907;0,104461;0,577813;97,821408;115,05428;134,854176;229,89144;;105,32336;66,44861;24,234952;132,89699
Img55 (3);Img55 (3).txt;0;0,447612;0,498824;0,707506;0,997648;1;0,460638;0,237201;0,106499;0,474401;103,845984;114,72952;164,141392;229,45904;;106,868016;54,55623;24,707768;109,11223
Img24 (6);Img24 (6).txt;0;0,425206;0,500553;0,59023;0,99861;1;0,45807;0,269768;0,102886;0,537865;98,647792;115,12719;136,93336;229,6803;;106,27224;62,04664;23,869552;123,70895
Img43 (4);Img43 (4).txt;0;0,420844;0,500455;0,618063;0,99909;1;0,435573;0,278709;0,1081;0,557419;97,635808;115,10465;143,390616;229,7907;;101,052936;64,10307;25,0792;128,20637
Img53 (4);Img53 (4).txt;0;0,423975;0,500283;0,611267;0,999435;1;0,436471;0,289908;0,107852;0,579817;98,3622;115,06509;141,813944;229,87005;;101,261272;66,67884;25,021664;133,35791
Img46 (3);Img46 (3).txt;0;0,457384;0,499691;0,533424;0,999381;1;0,462135;0,2712;0,103985;0,5424;106,113088;114,92893;123,754368;229,85763;;107,21532;62,376;24,12452;124,752
Img8;Img8.txt;0;0,426097;0,49882;0,544452;0,997641;1;0,452965;0,257194;0,103666;0,514387;98,854504;114,7286;126,312864;229,45743;;105,08788;59,15462;24,050512;118,30901
Img48 (5);Img48 (5).txt;0;0,455625;0,499665;0,533896;0,999329;1;0,441965;0,284109;0,1084;0,568219;105,705;114,92295;123,863872;229,84567;;102,53588;65,34507;25,1488;130,69037
Img33;Img33.txt;0;0,401781;0,499683;0,583652;0,999367;1;0,451554;0,265984;0,103919;0,531968;93,213192;114,92709;135,407264;229,85441;;104,760528;61,17632;24,109208;122,35264
Img46 (5);Img46 (5).txt;0;0,45706;0,498983;0,535378;0,997967;1;0,441592;0,277907;0,107511;0,555813;106,03792;114,76609;124,207696;229,53241;;102,449344;63,91861;24,942552;127,83699
Img20 (2);Img20 (2).txt;0;0,454492;0,498576;0,491488;0,997152;1;0,442791;0,229959;0,108089;0,459918;105,442144;114,67248;114,025216;229,34496;;102,727512;52,89057;25,076648;105,78114
Img44 (6);Img44 (6).txt;0;0,420516;0,500513;0,57869;0,998973;1;0,454224;0,288258;0,105271;0,576517;97,559712;115,11799;134,25608;229,76379;;105,379968;66,29934;24,422872;132,59891
Img75 (6);Img75 (6).txt;0;0,428596;0,500281;0,584434;0,999438;1;0,456974;0,296165;0,105594;0,592331;99,434272;115,06463;135,588688;229,87074;;106,017968;68,11795;24,497808;136,23613
Img14;Img14.txt;0;0,423755;0,5;0,530258;1;1;0,449633;0,286381;0,103776;0,572761;98,31116;115;123,019856;230;;104,314856;65,86763;24,076032;131,73503
Img65 (2);Img65 (2).txt;0;0,444598;0,499144;0,48305;0,998289;1;0,453915;0,267384;0,112821;0,534768;103,146736;114,80312;112,0676;229,60647;;105,30828;61,49832;26,174472;122,99664
Img77 (3);Img77 (3).txt;0;0,460886;0,499509;0,528306;0,999017;1;0,462359;0,265855;0,104414;0,53171;106,925552;114,88707;122,566992;229,77391;;107,267288;61,14665;24,224048;122,2933
Img48 (3);Img48 (3).txt;0;0,464105;0,499181;0,529183;0,998362;1;0,461769;0,256015;0,104966;0,51203;107,67236;114,81163;122,770456;229,62326;;107,130408;58,88345;24,352112;117,7669
Img3 (3);Img3 (3).txt;0;0,43476;0,497473;0,694375;0,994946;1;0,46364;0,231354;0,104176;0,462572;100,86432;114,41879;161,095;228,83758;;107,56448;53,21142;24,168832;106,39156
Img40 (4);Img40 (4).txt;0;0,426195;0,500069;0,615917;0,99735;1;0,435782;0,280881;0,106873;0,560206;98,87724;115,01587;142,892744;229,3905;;101,101424;64,60263;24,794536;128,84738
Img64 (2);Img64 (2).txt;0;0,44543;0,498944;0,492704;0,997857;1;0,453951;0,260596;0,114011;0,520828;103,33976;114,75712;114,307328;229,50711;;105,316632;59,93708;26,450552;119,79044
Img16 (3);Img16 (3).txt;0;0,453495;0,49925;0,549674;0,998501;1;0,462486;0,269438;0,105566;0,538876;105,21084;114,8275;127,524368;229,65523;;107,296752;61,97074;24,491312;123,94148
Img57 (5);Img57 (5).txt;0;0,459243;0,499319;0,541105;0,998638;1;0,444436;0,287938;0,104517;0,575876;106,544376;114,84337;125,53636;229,68674;;103,109152;66,22574;24,247944;132,45148
Img27 (4);Img27 (4).txt;0;0,425021;0,5;0,609683;1;1;0,433559;0,300894;0,106386;0,601787;98,604872;115;141,446456;230;;100,585688;69,20562;24,681552;138,41101
Img29 (3);Img29 (3).txt;0;0,455136;0,499435;0,545782;0,998869;1;0,463279;0,265633;0,104518;0,531265;105,591552;114,87005;126,621424;229,73987;;107,480728;61,09559;24,248176;122,19095
Img5 (4);Img5 (4).txt;0;0,423896;0,500077;0,620303;0,999846;1;0,429693;0,278944;0,10766;0,557888;98,343872;115,01771;143,910296;229,96458;;99,688776;64,15712;24,97712;128,31424
Img17 (5);Img17 (5).txt;0;0,44603;0,499793;0,542402;0,999586;1;0,447926;0,272798;0,10727;0,545596;103,47896;114,95239;125,837264;229,90478;;103,918832;62,74354;24,88664;125,48708
Img10 (3);Img10 (3).txt;0;0,450272;0,499163;0,548042;0,998327;1;0,463447;0,260629;0,10578;0,521257;104,463104;114,80749;127,145744;229,61521;;107,519704;59,94467;24,54096;119,88911
Img51 (6);Img51 (6).txt;0;0,428773;0,500155;0,581689;0,998176;1;0,458606;0,273822;0,10418;0,54593;99,475336;115,03565;134,951848;229,58048;;106,396592;62,97906;24,16976;125,5639
Img11 (3);Img11 (3).txt;0;0,452153;0,49941;0,547317;0,998821;1;0,462966;0,260426;0,10544;0,520852;104,899496;114,8643;126,977544;229,72883;;107,408112;59,89798;24,46208;119,79596
Img0 (6);Img0 (6).txt;0;0,432334;0,500348;0,553401;0,999304;1;0,457081;0,308946;0,104626;0,617891;100,301488;115,08004;128,389032;229,83992;;106,042792;71,05758;24,273232;142,11493
Img31 (4);Img31 (4).txt;0;0,40155;0,500348;0,664823;0,999304;1;0,434388;0,256307;0,105858;0,512556;93,1596;115,08004;154,238936;229,83992;;100,778016;58,95061;24,559056;117,88788
Img50 (6);Img50 (6).txt;0;0,414102;0,5;0,577667;1;1;0,458678;0,281865;0,103602;0,56373;96,071664;115;134,018744;230;;106,413296;64,82895;24,035664;129,6579
Img6 (4);Img6 (4).txt;0;0,422579;0,5;0,61832;1;1;0,42895;0,288928;0,108744;0,577856;98,038328;115;143,45024;230;;99,5164;66,45344;25,228608;132,90688
Img34 (6);Img34 (6).txt;0;0,420765;0,500107;0,580214;0,999786;1;0,453707;0,314701;0,103947;0,629401;97,61748;115,02461;134,609648;229,95078;;105,260024;72,38123;24,115704;144,76223
Img3 (5);Img3 (5).txt;0;0,449039;0,498599;0,552141;0,997199;1;0,456123;0,250843;0,105675;0,501687;104,177048;114,67777;128,096712;229,35577;;105,820536;57,69389;24,5166;115,38801
Img9 (4);Img9 (4).txt;0;0,422684;0,500431;0,618457;0,999137;1;0,42909;0,273024;0,106562;0,546049;98,062688;115,09913;143,482024;229,80151;;99,54888;62,79552;24,722384;125,59127
Img39 (6);Img39 (6).txt;0;0,42031;0,500218;0,579863;0,999563;1;0,45441;0,29597;0,10508;0,591939;97,51192;115,05014;134,528216;229,89949;;105,42312;68,0731;24,37856;136,14597
Img63 (2);Img63 (2).txt;0;0,445058;0,499013;0,497058;0,998026;1;0,454421;0,269315;0,113025;0,538629;103,253456;114,77299;115,317456;229,54598;;105,425672;61,94245;26,2218;123,88467
Img59;Img59.txt;0;0,437241;0,49969;0,567708;0,999381;1;0,449418;0,263678;0,103497;0,527355;101,439912;114,9287;131,708256;229,85763;;104,264976;60,64594;24,011304;121,29165
Img5 (6);Img5 (6).txt;0;0,434674;0,50028;0,619209;0,99944;1;0,457265;0,284615;0,104343;0,569229;100,844368;115,0644;143,656488;229,8712;;106,08548;65,46145;24,207576;130,92267
Img0;Img0.txt;0;0,419439;0,499264;0,533656;0,998528;1;0,451504;0,276076;0,103069;0,552152;97,309848;114,83072;123,808192;229,66144;;104,748928;63,49748;23,912008;126,99496
Img63;Img63.txt;0;0,418938;0,499874;0,519171;0,999749;1;0,448532;0,280204;0,104162;0,560408;97,193616;114,97102;120,447672;229,94227;;104,059424;64,44692;24,165584;128,89384
Img2 (2);Img2 (2).txt;0;0,461768;0,5;0,492977;1;1;0,433142;0,324678;0,0976729;0,649357;107,130176;115;114,370664;230;;100,488944;74,67594;22,6601128;149,35211
Img22 (6);Img22 (6).txt;0;0,424554;0,50011;0,582025;0,99978;1;0,454935;0,295089;0,107311;0,590179;98,496528;115,0253;135,0298;229,9494;;105,54492;67,87047;24,896152;135,74117
Img24;Img24.txt;0;0,423962;0,499794;0,535775;0,999589;1;0,451125;0,261069;0,104493;0,522138;98,359184;114,95262;124,2998;229,90547;;104,661;60,04587;24,242376;120,09174
Img21 (6);Img21 (6).txt;0;0,425068;0,500233;0,576724;0,999534;1;0,45403;0,291807;0,107389;0,583613;98,615776;115,05359;133,799968;229,89282;;105,33496;67,11561;24,914248;134,23099
Img53;Img53.txt;0;0,408224;0,498732;0,567696;0,997464;1;0,449725;0,27229;0,104828;0,54458;94,707968;114,70836;131,705472;229,41672;;104,3362;62,6267;24,320096;125,2534
Img49 (2);Img49 (2).txt;0;0,44347;0,498802;0,499491;0,997605;1;0,457496;0,274152;0,110765;0,548303;102,88504;114,72446;115,881912;229,44915;;106,139072;63,05496;25,69748;126,10969
Img60 (4);Img60 (4).txt;0;0,424509;0,50049;0,606075;0,99902;1;0,436131;0,278252;0,106231;0,556503;98,486088;115,1127;140,6094;229,7746;;101,182392;63,99796;24,645592;127,99569
Img51 (4);Img51 (4).txt;0;0,426341;0,500234;0,616689;0,999532;1;0,436196;0,29455;0,107367;0,589099;98,911112;115,05382;143,071848;229,89236;;101,197472;67,7465;24,909144;135,49277
Img73;Img73.txt;0;0,423101;0,5;0,521794;1;1;0,446646;0,277833;0,105318;0,555667;98,159432;115;121,056208;230;;103,621872;63,90159;24,433776;127,80341
Img1 (4);Img1 (4).txt;0;0,423046;0,499695;0,617782;0,998954;1;0,429524;0,26625;0,106579;0,532262;98,146672;114,92985;143,325424;229,75942;;99,649568;61,2375;24,726328;122,42026
Img19 (4);Img19 (4).txt;0;0,424583;0,5;0,614219;1;1;0,429854;0,29429;0,10668;0,588579;98,503256;115;142,498808;230;;99,726128;67,6867;24,74976;135,37317
Img37 (6);Img37 (6).txt;0;0,421008;0,500276;0,580081;0,999448;1;0,453533;0,313738;0,104623;0,627476;97,673856;115,06348;134,578792;229,87304;;105,219656;72,15974;24,272536;144,31948
Img52 (5);Img52 (5).txt;0;0,456679;0,499205;0,549642;0,99841;1;0,44301;0,284726;0,105966;0,569453;105,949528;114,81715;127,516944;229,6343;;102,77832;65,48698;24,584112;130,97419
Img13 (4);Img13 (4).txt;0;0,422235;0,500553;0,619381;0,998893;1;0,428366;0,280941;0,107286;0,561754;97,95852;115,12719;143,696392;229,74539;;99,380912;64,61643;24,890352;129,20342
Img1 (6);Img1 (6).txt;0;0,42781;0,500243;0,561448;0,999514;1;0,457226;0,312852;0,104242;0,625704;99,25192;115,05589;130,255936;229,88822;;106,076432;71,95596;24,184144;143,91192
Img75 (3);Img75 (3).txt;0;0,458048;0,499695;0,531083;0,999389;1;0,462373;0,264984;0,104687;0,529968;106,267136;114,92985;123,211256;229,85947;;107,270536;60,94632;24,287384;121,89264
Img53 (6);Img53 (6).txt;0;0,445566;0,500075;0,62953;0,99985;1;0,455839;0,285719;0,105364;0,571437;103,371312;115,01725;146,05096;229,9655;;105,754648;65,71537;24,444448;131,43051
Img6 (5);Img6 (5).txt;0;0,446191;0,499232;0,563056;0,998464;1;0,454653;0,27473;0,105552;0,549459;103,516312;114,82336;130,628992;229,64672;;105,479496;63,1879;24,488064;126,37557
Img51;Img51.txt;0;0,424308;0,499391;0,535984;0,998782;1;0,450931;0,257405;0,103971;0,514809;98,439456;114,85993;124,348288;229,71986;;104,615992;59,20315;24,121272;118,40607
Img67 (3);Img67 (3).txt;0;0,457396;0,499485;0,5049;0,998971;1;0,461666;0,277634;0,106329;0,555267;106,115872;114,88155;117,1368;229,76333;;107,106512;63,85582;24,668328;127,71141
Img9 (5);Img9 (5).txt;0;0,445367;0,499487;0,557467;0,998974;1;0,452734;0,278207;0,106041;0,556414;103,325144;114,88201;129,332344;229,76402;;105,034288;63,98761;24,601512;127,97522
Img72 (6);Img72 (6).txt;0;0,430651;0,500351;0,575916;0,999298;1;0,457539;0,291079;0,103949;0,582158;99,911032;115,08073;133,612512;229,83854;;106,149048;66,94817;24,116168;133,89634
Img41 (5);Img41 (5).txt;0;0,457495;0,499053;0,536923;0,998105;1;0,442236;0,281116;0,106241;0,562233;106,13884;114,78219;124,566136;229,56415;;102,598752;64,65668;24,647912;129,31359
Img23 (3);Img23 (3).txt;0;0,455681;0,499627;0,532053;0,999255;1;0,460475;0,292829;0,107832;0,585133;105,717992;114,91421;123,436296;229,82865;;106,8302;67,35067;25,017024;134,58059
Img73 (6);Img73 (6).txt;0;0,435102;0,500305;0,574965;0,999389;1;0,457385;0,299558;0,104877;0,599116;100,943664;115,07015;133,39188;229,85947;;106,11332;68,89834;24,331464;137,79668
Img39 (5);Img39 (5).txt;0;0,451202;0,499839;0,539212;0,999677;1;0,443018;0,272346;0,103796;0,544693;104,678864;114,96297;125,097184;229,92571;;102,780176;62,63958;24,080672;125,27939
Img13 (3);Img13 (3).txt;0;0,453827;0,499161;0,548391;0,998323;1;0,463099;0,262977;0,106041;0,525954;105,287864;114,80703;127,226712;229,61429;;107,438968;60,48471;24,601512;120,96942
Img64 (5);Img64 (5).txt;0;0,457722;0,498763;0,532218;0,997526;1;0,443782;0,273773;0,106836;0,547545;106,191504;114,71549;123,474576;229,43098;;102,957424;62,96779;24,785952;125,93535
Img8 (5);Img8 (5).txt;0;0,445123;0,499156;0,558302;0,998312;1;0,453334;0,275852;0,105443;0,551703;103,268536;114,80588;129,526064;229,61176;;105,173488;63,44596;24,462776;126,89169
Img23;Img23.txt;0;0,424757;0,499385;0,538403;0,99877;1;0,451284;0,262298;0,104258;0,524596;98,543624;114,85855;124,909496;229,7171;;104,697888;60,32854;24,187856;120,65708
Img39 (3);Img39 (3).txt;0;0,462702;0,5;0,508512;1;1;0,464336;0,277563;0,106097;0,555126;107,346864;115;117,974784;230;;107,725952;63,83949;24,614504;127,67898
Img41;Img41.txt;0;0,423003;0,499583;0,526743;0,999167;1;0,450283;0,262424;0,105122;0,524847;98,136696;114,90409;122,204376;229,80841;;104,465656;60,35752;24,388304;120,71481
Img30;Img30.txt;0;0,425055;0,499789;0,535878;0,999579;1;0,452145;0,261736;0,105297;0,523471;98,61276;114,95147;124,323696;229,90317;;104,89764;60,19928;24,428904;120,39833
Img13 (5);Img13 (5).txt;0;0,444353;0,499561;0,542622;0,999122;1;0,451009;0,266409;0,10691;0,532819;103,089896;114,89903;125,888304;229,79806;;104,634088;61,27407;24,80312;122,54837
Img44 (5);Img44 (5).txt;0;0,454922;0,499116;0,536994;0,998231;1;0,44323;0,264687;0,105747;0,529374;105,541904;114,79668;124,582608;229,59313;;102,82936;60,87801;24,533304;121,75602
Img22 (4);Img22 (4).txt;0;0,419438;0,500435;0,61265;0,99913;1;0,430465;0,284203;0,106095;0,566946;97,309616;115,10005;142,1348;229,7999;;99,86788;65,36669;24,61404;130,39758
Img43 (5);Img43 (5).txt;0;0,455549;0,499134;0,538006;0,998267;1;0,442859;0,273001;0,105306;0,546002;105,687368;114,80082;124,817392;229,60141;;102,743288;62,79023;24,430992;125,58046
Img32 (5);Img32 (5).txt;0;0,449515;0,49977;0,538553;0,99954;1;0,445126;0,262752;0,105403;0,525504;104,28748;114,9471;124,944296;229,8942;;103,269232;60,43296;24,453496;120,86592
Img69 (4);Img69 (4).txt;0;0,425825;0,50029;0,633476;0,999421;1;0,437817;0,284407;0,1055;0,568815;98,7914;115,0667;146,966432;229,86683;;101,573544;65,41361;24,476;130,82745
Img27 (2);Img27 (2).txt;0;0,45187;0,499442;0,485252;0,998712;1;0,440968;0,252533;0,109446;0,505067;104,83384;114,87166;112,578464;229,70376;;102,304576;58,08259;25,391472;116,16541
Img56 (4);Img56 (4).txt;0;0,427055;0,500103;0,616046;0,999793;1;0,437218;0,282132;0,108187;0,564263;99,07676;115,02369;142,922672;229,95239;;101,434576;64,89036;25,099384;129,78049
Img63 (4);Img63 (4).txt;0;0,428625;0,500352;0,613846;0,999295;1;0,4383;0,282103;0,104837;0,564206;99,441;115,08096;142,412272;229,83785;;101,6856;64,88369;24,322184;129,76738
Img21 (4);Img21 (4).txt;0;0,420624;0,500308;0,613042;0,999383;1;0,430419;0,311129;0,106733;0,621798;97,584768;115,07084;142,225744;229,85809;;99,857208;71,55967;24,762056;143,01354
Img30 (5);Img30 (5).txt;0;0,445882;0,499251;0,556525;0,998501;1;0,446944;0,250966;0,10185;0,501933;103,444624;114,82773;129,1138;229,65523;;103,691008;57,72218;23,6292;115,44459
Img59 (4);Img59 (4).txt;0;0,423754;0,50042;0,611661;0,999159;1;0,43667;0,279354;0,107174;0,558709;98,310928;115,0966;141,905352;229,80657;;101,30744;64,25142;24,864368;128,50307
Img54 (3);Img54 (3).txt;0;0,46257;0,5;0,496612;1;1;0,460824;0,272518;0,107075;0,545035;107,31624;115;115,213984;230;;106,911168;62,67914;24,8414;125,35805
Img7 (5);Img7 (5).txt;0;0,445623;0,499156;0,563103;0,998311;1;0,453953;0,273961;0,105406;0,547922;103,384536;114,80588;130,639896;229,61153;;105,317096;63,01103;24,454192;126,02206
Img3 (4);Img3 (4).txt;0;0,421374;0,500311;0,617448;0,999377;1;0,42908;0,269108;0,107223;0,53785;97,758768;115,07153;143,247936;229,85671;;99,54656;61,89484;24,875736;123,7055
Img56 (5);Img56 (5).txt;0;0,45952;0,498938;0,540962;0,997876;1;0,443052;0,286147;0,105811;0,572294;106,60864;114,75574;125,503184;229,51148;;102,788064;65,81381;24,548152;131,62762
Img45 (4);Img45 (4).txt;0;0,426309;0,500148;0,611124;0,999704;1;0,436692;0,2819;0,107276;0,563801;98,903688;115,03404;141,780768;229,93192;;101,312544;64,837;24,888032;129,67423
Img27 (5);Img27 (5).txt;0;0,457255;0,498998;0,549618;0,997996;1;0,446429;0,268599;0,106575;0,537197;106,08316;114,76954;127,511376;229,53908;;103,571528;61,77777;24,7254;123,55531
Img68 (4);Img68 (4).txt;0;0,426127;0,5;0,649681;1;1;0,437958;0,287476;0,106138;0,574952;98,861464;115;150,725992;230;;101,606256;66,11948;24,624016;132,23896
Img16 (2);Img16 (2).txt;0;0,456651;0,498648;0,484254;0,997297;1;0,441841;0,222347;0,106801;0,444694;105,943032;114,68904;112,346928;229,37831;;102,507112;51,13981;24,777832;102,27962
Img20 (5);Img20 (5).txt;0;0,445472;0,499261;0,555085;0,998522;1;0,449233;0,266687;0,105294;0,533373;103,349504;114,83003;128,77972;229,66006;;104,222056;61,33801;24,428208;122,67579
Img4 (6);Img4 (6).txt;0;0,438778;0,500081;0,602243;0,999114;1;0,457561;0,281592;0,104729;0,563183;101,796496;115,01863;139,720376;229,79622;;106,154152;64,76616;24,297128;129,53209
Img35 (2);Img35 (2).txt;0;0,434069;0,499303;0,441388;0,996609;1;0,447983;0,254594;0,106187;0,509188;100,704008;114,83969;102,402016;229,22007;;103,932056;58,55662;24,635384;117,11324
Img42;Img42.txt;0;0,426845;0,5;0,528639;1;1;0,45005;0,262448;0,105188;0,524895;99,02804;115;122,644248;230;;104,4116;60,36304;24,403616;120,72585
Img69 (5);Img69 (5).txt;0;0,444382;0,499436;0,532989;0,998872;1;0,446597;0,276209;0,104466;0,552419;103,096624;114,87028;123,653448;229,74056;;103,610504;63,52807;24,236112;127,05637
Img3 (6);Img3 (6).txt;0;0,439175;0,499581;0,592609;0,998331;1;0,458916;0,280488;0,104589;0,560011;101,8886;114,90363;137,485288;229,61613;;106,468512;64,51224;24,264648;128,80253
Img60;Img60.txt;0;0,433941;0,499508;0,535198;0,999016;1;0,449223;0,268291;0,102916;0,536582;100,674312;114,88684;124,165936;229,77368;;104,219736;61,70693;23,876512;123,41386
Img59 (2);Img59 (2).txt;0;0,443793;0,498923;0,498496;0,997845;1;0,454909;0,252326;0,112241;0,504652;102,959976;114,75229;115,651072;229,50435;;105,538888;58,03498;26,039912;116,06996
Img25 (2);Img25 (2).txt;0;0,453192;0,499136;0,491739;0,998272;1;0,443734;0,273698;0,109849;0,547396;105,140544;114,80128;114,083448;229,60256;;102,946288;62,95054;25,484968;125,90108
Img31 (3);Img31 (3).txt;0;0,45924;0,499801;0,556347;0,999602;1;0,463627;0,264468;0,102541;0,528936;106,54368;114,95423;129,072504;229,90846;;107,561464;60,82764;23,789512;121,65528
Img30 (6);Img30 (6).txt;0;0,422147;0,500337;0,590272;0,999327;1;0,455038;0,293409;0,105004;0,586817;97,938104;115,07751;136,943104;229,84521;;105,568816;67,48407;24,360928;134,96791
Img62;Img62.txt;0;0,421339;0,499783;0,519988;0,999565;1;0,448562;0,278839;0,104195;0,557677;97,750648;114,95009;120,637216;229,89995;;104,066384;64,13297;24,17324;128,26571
Img62 (5);Img62 (5).txt;0;0,458792;0,499103;0,53922;0,998207;1;0,444366;0,275699;0,106071;0,551399;106,439744;114,79369;125,09904;229,58761;;103,092912;63,41077;24,608472;126,82177
Img67;Img67.txt;0;0,428984;0,5;0,537994;1;1;0,448457;0,287202;0,102684;0,574404;99,524288;115;124,814608;230;;104,042024;66,05646;23,822688;132,11292
Img4;Img4.txt;0;0,419922;0,499547;0,531912;0,99898;1;0,450576;0,266145;0,103386;0,532291;97,421904;114,89581;123,403584;229,7654;;104,533632;61,21335;23,985552;122,42693
Img41 (4);Img41 (4).txt;0;0,428394;0,500513;0,614572;0,998974;1;0,435419;0,285087;0,108662;0,570174;99,387408;115,11799;142,580704;229,76402;;101,017208;65,57001;25,209584;131,14002
Img69;Img69.txt;0;0,428189;0,5;0,538946;1;1;0,447559;0,279872;0,102952;0,559744;99,339848;115;125,035472;230;;103,833688;64,37056;23,884864;128,74112
Img15 (2);Img15 (2).txt;0;0,456372;0,498636;0,487381;0,997272;1;0,44018;0,223199;0,106795;0,446398;105,878304;114,68628;113,072392;229,37256;;102,12176;51,33577;24,77644;102,67154
Img33 (6);Img33 (6).txt;0;0,420417;0,500337;0,582289;0,999327;1;0,453868;0,306109;0,104671;0,612217;97,536744;115,07751;135,091048;229,84521;;105,297376;70,40507;24,283672;140,80991
Img20 (4);Img20 (4).txt;0;0,423203;0,500084;0,615773;0,999832;1;0,430524;0,292483;0,106285;0,58465;98,183096;115,01932;142,859336;229,96136;;99,881568;67,27109;24,65812;134,4695
Img17 (2);Img17 (2).txt;0;0,453306;0,498721;0,489481;0,997441;1;0,441838;0,221935;0,108832;0,443871;105,166992;114,70583;113,559592;229,41143;;102,506416;51,04505;25,249024;102,09033
Img48 (4);Img48 (4).txt;0;0,428768;0,500089;0,615831;0,99965;1;0,436861;0,282545;0,107489;0,56509;99,474176;115,02047;142,872792;229,9195;;101,351752;64,98535;24,937448;129,9707
Img7 (2);Img7 (2).txt;0;0,465297;0,5;0,489711;1;1;0,436874;0,289164;0,109468;0,578328;107,948904;115;113,612952;230;;101,354768;66,50772;25,396576;133,01544
Img14 (4);Img14 (4).txt;0;0,422123;0,500668;0,619352;0,998664;1;0,429541;0,281457;0,106299;0,562913;97,932536;115,15364;143,689664;229,69272;;99,653512;64,73511;24,661368;129,46999
Img32 (3);Img32 (3).txt;0;0,464622;0,499772;0,559306;0,999544;1;0,463969;0,254561;0,103707;0,509121;107,792304;114,94756;129,758992;229,89512;;107,640808;58,54903;24,060024;117,09783
Img31 (2);Img31 (2).txt;0;0,448129;0,49932;0,489045;0,997407;1;0,445342;0,252642;0,109928;0,504758;103,965928;114,8436;113,45844;229,40361;;103,319344;58,10766;25,503296;116,09434
Img5 (2);Img5 (2).txt;0;0,461421;0,5;0,498859;1;1;0,436446;0,301068;0,109838;0,600766;107,049672;115;115,735288;230;;101,255472;69,24564;25,482416;138,17618
Img26 (2);Img26 (2).txt;0;0,450702;0,5;0,490017;1;1;0,445329;0,264158;0,105178;0,526882;104,562864;115;113,683944;230;;103,316328;60,75634;24,401296;121,18286
Img74 (3);Img74 (3).txt;0;0,458093;0,499638;0,531251;0,999275;1;0,462031;0,265042;0,104899;0,530084;106,277576;114,91674;123,250232;229,83325;;107,191192;60,95966;24,336568;121,91932
Img57;Img57.txt;0;0,426583;0,499819;0,540699;0,999638;1;0,449034;0,299505;0,103265;0,599009;98,967256;114,95837;125,442168;229,91674;;104,175888;68,88615;23,95748;137,77207
Img16 (5);Img16 (5).txt;0;0,450317;0,5;0,545865;1;1;0,449144;0,266394;0,106494;0,532789;104,473544;115;126,64068;230;;104,201408;61,27062;24,706608;122,54147
Img8 (6);Img8 (6).txt;0;0,432485;0,5;0,641381;1;1;0,45731;0,295732;0,103982;0,591463;100,33652;115;148,800392;230;;106,09592;68,01836;24,123824;136,03649
Img19 (6);Img19 (6).txt;0;0,41898;0,500394;0,57287;0,999212;1;0,455674;0,290797;0,105051;0,581594;97,20336;115,09062;132,90584;229,81876;;105,716368;66,88331;24,371832;133,76662
Img74 (2);Img74 (2).txt;0;0,44133;0,499685;0,477506;0,99937;1;0,448302;0,265703;0,112694;0,530429;102,38856;114,92755;110,781392;229,8551;;104,006064;61,11169;26,145008;121,99867
Img0 (4);Img0 (4).txt;0;0,428491;0,499757;0,602134;0,999514;1;0,430774;0,265561;0,10725;0,531123;99,409912;114,94411;139,695088;229,88822;;99,939568;61,07903;24,882;122,15829
Img61 (5);Img61 (5).txt;0;0,45888;0,499002;0,539837;0,998004;1;0,444202;0,274852;0,105759;0,549703;106,46016;114,77046;125,242184;229,54092;;103,054864;63,21596;24,536088;126,43169
Img65;Img65.txt;0;0,423373;0,5;0,523007;1;1;0,44801;0,286988;0,104244;0,573976;98,222536;115;121,337624;230;;103,93832;66,00724;24,184608;132,01448
Img49 (5);Img49 (5).txt;0;0,443578;0,499738;0,574612;0,999476;1;0,444717;0,258382;0,102485;0,516763;102,910096;114,93974;133,309984;229,87948;;103,174344;59,42786;23,77652;118,85549
Img26 (4);Img26 (4).txt;0;0,425592;0,5;0,609071;1;1;0,433656;0,292154;0,105306;0,584308;98,737344;115;141,304472;230;;100,608192;67,19542;24,430992;134,39084
Img76 (5);Img76 (5).txt;0;0,458335;0,499012;0,536902;0,998024;1;0,44716;0,268341;0,104572;0,536683;106,33372;114,77276;124,561264;229,54552;;103,74112;61,71843;24,260704;123,43709
Img31;Img31.txt;0;0,408305;0,499891;0,558223;0,999782;1;0,452175;0,266455;0,104874;0,532909;94,72676;114,97493;129,507736;229,94986;;104,9046;61,28465;24,330768;122,56907
Img54 (6);Img54 (6).txt;0;0,44249;0,500017;0,635634;0,999965;1;0,454521;0,291303;0,10628;0,582606;102,65768;115,00391;147,467088;229,99195;;105,448872;66,99969;24,65696;133,99938
Img2 (3);Img2 (3).txt;0;0,442649;0,49968;0,52655;0,999359;1;0,462617;0,28349;0,105959;0,566979;102,694568;114,9264;122,1596;229,85257;;107,327144;65,2027;24,582488;130,40517
Img64;Img64.txt;0;0,419916;0,499899;0,519401;0,999797;1;0,448559;0,288396;0,104256;0,576791;97,420512;114,97677;120,501032;229,95331;;104,065688;66,33108;24,187392;132,66193
Img32 (6);Img32 (6).txt;0;0,421716;0,500167;0,583268;0,999665;1;0,454225;0,302753;0,104732;0,605506;97,838112;115,03841;135,318176;229,92295;;105,3802;69,63319;24,297824;139,26638
Img0 (3);Img0 (3).txt;0;0,454173;0,499031;0,540383;0,998062;1;0,462784;0,27079;0,105173;0,54158;105,368136;114,77713;125,368856;229,55426;;107,365888;62,2817;24,400136;124,5634
Img70 (4);Img70 (4).txt;0;0,426532;0,500361;0,629665;0,999278;1;0,437838;0,281762;0,105452;0,563524;98,955424;115,08303;146,08228;229,83394;;101,578416;64,80526;24,464864;129,61052
Img77 (4);Img77 (4).txt;0;0,423748;0,500314;0,616085;0,999371;1;0,436835;0,281337;0,106615;0,562674;98,309536;115,07222;142,93172;229,85533;;101,34572;64,70751;24,73468;129,41502
Img58 (4);Img58 (4).txt;0;0,425135;0,5006;0,611913;0,9988;1;0,437549;0,274205;0,106602;0,54841;98,63132;115,138;141,963816;229,724;;101,511368;63,06715;24,731664;126,1343
Img70 (5);Img70 (5).txt;0;0,452768;0,499956;0,533517;0,999912;1;0,446837;0,277581;0,104588;0,555163;105,042176;114,98988;123,775944;229,97976;;103,666184;63,84363;24,264416;127,68749
Img11 (5);Img11 (5).txt;0;0,443389;0,499279;0,552262;0,998558;1;0,451778;0,26721;0,105298;0,53442;102,866248;114,83417;128,124784;229,66834;;104,812496;61,4583;24,429136;122,9166
Img32 (2);Img32 (2).txt;0;0,449007;0,499637;0,487896;0,997792;1;0,444583;0,257421;0,110508;0,513427;104,169624;114,91651;113,191872;229,49216;;103,143256;59,20683;25,637856;118,08821
Img71 (3);Img71 (3).txt;0;0,460789;0,498692;0,529075;0,997384;1;0,460959;0,274035;0,100677;0,548069;106,903048;114,69916;122,7454;229,39832;;106,942488;63,02805;23,357064;126,05587
Img63 (6);Img63 (6).txt;0;0,426686;0,5;0,567846;1;1;0,45865;0,284441;0,104525;0,568882;98,991152;115;131,740272;230;;106,4068;65,42143;24,2498;130,84286
Img19 (5);Img19 (5).txt;0;0,450271;0,499995;0,531881;0,99999;1;0,446901;0,267308;0,108012;0,534617;104,462872;114,99885;123,396392;229,9977;;103,681032;61,48084;25,058784;122,96191
Img60 (5);Img60 (5).txt;0;0,458802;0,499114;0,540024;0,998228;1;0,444144;0,273035;0,105421;0,546071;106,442064;114,79622;125,285568;229,59244;;103,041408;62,79805;24,457672;125,59633
Img12 (6);Img12 (6).txt;0;0,42988;0,500161;0,59047;0,999678;1;0,456663;0,28982;0,103979;0,579277;99,73216;115,03703;136,98904;229,92594;;105,945816;66,6586;24,123128;133,23371
Img57 (3);Img57 (3).txt;0;0,460062;0,499373;0,539714;0,998747;1;0,462603;0,259301;0,105753;0,518603;106,734384;114,85579;125,213648;229,71181;;107,323896;59,63923;24,534696;119,27869
Img32;Img32.txt;0;0,401441;0,499772;0,581629;0,999543;1;0,451062;0,270181;0,105249;0,540363;93,134312;114,94756;134,937928;229,89489;;104,646384;62,14163;24,417768;124,28349
Img70 (2);Img70 (2).txt;0;0,445923;0,499098;0,489832;0,998092;1;0,452289;0,257712;0,112901;0,515424;103,454136;114,79254;113,641024;229,56116;;104,931048;59,27376;26,193032;118,54752
Img47 (2);Img47 (2).txt;0;0,44272;0,498478;0,492465;0,995681;1;0,45734;0,274377;0,107859;0,548656;102,71104;114,64994;114,25188;229,00663;;106,10288;63,10671;25,023288;126,19088
Img50 (2);Img50 (2).txt;0;0,443269;0,499223;0,498553;0,998445;1;0,457693;0,281406;0,108986;0,562812;102,838408;114,82129;115,664296;229,64235;;106,184776;64,72338;25,284752;129,44676
Img71 (2);Img71 (2).txt;0;0,444658;0,499119;0,493352;0,998239;1;0,452522;0,270129;0,111768;0,53959;103,160656;114,79737;114,457664;229,59497;;104,985104;62,12967;25,930176;124,1057
Img51 (2);Img51 (2).txt;0;0,444929;0,499387;0,494854;0,998773;1;0,458515;0,286337;0,108471;0,572673;103,223528;114,85901;114,806128;229,71779;;106,37548;65,85751;25,165272;131,71479
Img47 (5);Img47 (5).txt;0;0,45662;0,498909;0,535292;0,997817;1;0,441721;0,273264;0,107828;0,546528;105,93584;114,74907;124,187744;229,49791;;102,479272;62,85072;25,016096;125,70144
Img75 (4);Img75 (4).txt;0;0,42446;0,500441;0,614771;0,999118;1;0,436715;0,278088;0,107401;0,556176;98,47472;115,10143;142,626872;229,79714;;101,31788;63,96024;24,917032;127,92048
Img58 (2);Img58 (2).txt;0;0,442994;0,498958;0,498595;0,997917;1;0,456396;0,250009;0,110942;0,500017;102,774608;114,76034;115,67404;229,52091;;105,883872;57,50207;25,738544;115,00391
Img70 (6);Img70 (6).txt;0;0,427361;0,500128;0,560706;0,999345;1;0,45638;0,290909;0,106083;0,581818;99,147752;115,02944;130,083792;229,84935;;105,88016;66,90907;24,611256;133,81814
Img27 (6);Img27 (6).txt;0;0,4237;0,500243;0,589146;0,999514;1;0,453978;0,28745;0,10493;0,574899;98,2984;115,05589;136,681872;229,88822;;105,322896;66,1135;24,34376;132,22677
Img29 (2);Img29 (2).txt;0;0,449097;0,499503;0,48813;0,998478;1;0,444727;0,256384;0,10982;0,512768;104,190504;114,88569;113,24616;229,64994;;103,176664;58,96832;25,47824;117,93664
Img9;Img9.txt;0;0,420507;0,499131;0,533781;0,998262;1;0,452211;0,263378;0,10415;0,526757;97,557624;114,80013;123,837192;229,60026;;104,912952;60,57694;24,1628;121,15411
Img20 (3);Img20 (3).txt;0;0,45202;0,499307;0,544568;0,998614;1;0,461839;0,279716;0,105746;0,559432;104,86864;114,84061;126,339776;229,68122;;107,146648;64,33468;24,533072;128,66936
Img15 (3);Img15 (3).txt;0;0,453563;0,499451;0,544473;0,998901;1;0,463171;0,273483;0,10649;0,546965;105,226616;114,87373;126,317736;229,74723;;107,455672;62,90109;24,70568;125,80195
Img4 (4);Img4 (4).txt;0;0,422332;0,500154;0,622357;0,999692;1;0,429388;0,277351;0,107801;0,554701;97,981024;115,03542;144,386824;229,92916;;99,618016;63,79073;25,009832;127,58123
Img25 (6);Img25 (6).txt;0;0,426139;0,500311;0,592507;0,999377;1;0,456301;0,280073;0,104406;0,560147;98,864248;115,07153;137,461624;229,85671;;105,861832;64,41679;24,222192;128,83381
Img12 (3);Img12 (3).txt;0;0,452093;0,499321;0,548807;0,998642;1;0,46293;0,272375;0,105447;0,544751;104,885576;114,84383;127,323224;229,68766;;107,39976;62,64625;24,463704;125,29273
Img32 (4);Img32 (4).txt;0;0,407658;0,500256;0,651079;0,999488;1;0,435218;0,256002;0,106838;0,510931;94,576656;115,05888;151,050328;229,88224;;100,970576;58,88046;24,786416;117,51413
Img41 (6);Img41 (6).txt;0;0,41913;0,500134;0,57629;0,999732;1;0,453725;0,290845;0,105742;0,58169;97,23816;115,03082;133,69928;229,93836;;105,2642;66,89435;24,532144;133,7887
Img10 (2);Img10 (2).txt;0;0,461878;0,5;0,493162;1;1;0,438217;0,247323;0,108034;0,494645;107,155696;115;114,413584;230;;101,666344;56,88429;25,063888;113,76835
Img23 (6);Img23 (6).txt;0;0,424067;0,500271;0,580668;0,999458;1;0,454677;0,295587;0,107027;0,591173;98,383544;115,06233;134,714976;229,87534;;105,485064;67,98501;24,830264;135,96979
Img25 (4);Img25 (4).txt;0;0,421501;0,500185;0,60361;0,999629;1;0,428501;0,285857;0,10752;0,571713;97,788232;115,04255;140,03752;229,91467;;99,412232;65,74711;24,94464;131,49399
Img5 (5);Img5 (5).txt;0;0,448486;0,499347;0,569708;0,998694;1;0,454851;0,262464;0,105698;0,524927;104,048752;114,84981;132,172256;229,69962;;105,525432;60,36672;24,521936;120,73321
Img35;Img35.txt;0;0,413398;0,499539;0,566914;0,999077;1;0,451899;0,271356;0,104137;0,542713;95,908336;114,89397;131,524048;229,78771;;104,840568;62,41188;24,159784;124,82399
Img68 (3);Img68 (3).txt;0;0,457674;0,499333;0,503712;0,998665;1;0,461075;0,28243;0,106355;0,56486;106,180368;114,84659;116,861184;229,69295;;106,9694;64,9589;24,67436;129,9178
Img66 (5);Img66 (5).txt;0;0,453743;0,49986;0,542116;0,999721;1;0,447078;0,27326;0,103582;0,54652;105,268376;114,9678;125,770912;229,93583;;103,722096;62,8498;24,031024;125,6996
Img7 (4);Img7 (4).txt;0;0,4227;0,500144;0,622374;0,999712;1;0,429413;0,285996;0,107768;0,571992;98,0664;115,03312;144,390768;229,93376;;99,623816;65,77908;25,002176;131,55816
Img75 (5);Img75 (5).txt;0;0,459567;0,498891;0,537626;0,997781;1;0,4475;0,273908;0,104168;0,547815;106,619544;114,74493;124,729232;229,48963;;103,82;62,99884;24,166976;125,99745
Img64 (3);Img64 (3).txt;0;0,459306;0,5;0,521417;1;1;0,461381;0,271764;0,104637;0,543528;106,558992;115;120,968744;230;;107,040392;62,50572;24,275784;125,01144
Img45 (5);Img45 (5).txt;0;0,455613;0,499248;0,535812;0,998496;1;0,4425;0,275463;0,10633;0,550927;105,702216;114,82704;124,308384;229,65408;;102,66;63,35649;24,66856;126,71321
Img48 (2);Img48 (2).txt;0;0,442939;0,498962;0,499535;0,997925;1;0,456753;0,271248;0,109114;0,542495;102,761848;114,76126;115,89212;229,52275;;105,966696;62,38704;25,314448;124,77385
Img74 (6);Img74 (6).txt;0;0,434588;0,500319;0,572629;0,999361;1;0,456222;0,295115;0,105745;0,59023;100,824416;115,07337;132,849928;229,85303;;105,843504;67,87645;24,53284;135,7529
Img12;Img12.txt;0;0,419889;0,499657;0,551084;0,999314;1;0,450873;0,280872;0,10521;0,561744;97,414248;114,92111;127,851488;229,84222;;104,602536;64,60056;24,40872;129,20112
Img48;Img48.txt;0;0,427895;0,499074;0,529543;0,998148;1;0,44839;0,284056;0,105335;0,568112;99,27164;114,78702;122,853976;229,57404;;104,02648;65,33288;24,43772;130,66576
Img42 (2);Img42 (2).txt;0;0,442662;0,499186;0,500576;0,996662;1;0,456409;0,264978;0,108997;0,529956;102,697584;114,81278;116,133632;229,23226;;105,886888;60,94494;25,287304;121,88988
Img46 (4);Img46 (4).txt;0;0,427459;0,500091;0,613132;0,999818;1;0,436203;0,285612;0,107647;0,571225;99,170488;115,02093;142,246624;229,95814;;101,199096;65,69076;24,974104;131,38175
Img61 (4);Img61 (4).txt;0;0,425997;0,500456;0,606467;0,999088;1;0,434792;0,280993;0,106162;0,561986;98,831304;115,10488;140,700344;229,79024;;100,871744;64,62839;24,629584;129,25678
Img7 (3);Img7 (3).txt;0;0,448995;0,498536;0,547219;0,997071;1;0,463257;0,235319;0,10459;0,470639;104,16684;114,66328;126,954808;229,32633;;107,475624;54,12337;24,26488;108,24697
Img21 (5);Img21 (5).txt;0;0,450712;0,499313;0,547928;0,998626;1;0,449183;0,272968;0,105308;0,545936;104,565184;114,84199;127,119296;229,68398;;104,210456;62,78264;24,431456;125,56528
Img52 (6);Img52 (6).txt;0;0,440229;0,500066;0,609774;0,999681;1;0,456774;0,282462;0,105478;0,564924;102,133128;115,01518;141,467568;229,92663;;105,971568;64,96626;24,470896;129,93252
Img12 (2);Img12 (2).txt;0;0,4574;0,498969;0,487983;0,997938;1;0,43875;0,231529;0,108515;0,463058;106,1168;114,76287;113,212056;229,52574;;101,79;53,25167;25,17548;106,50334
Img36 (6);Img36 (6).txt;0;0,420276;0,500327;0,579713;0,999346;1;0,454228;0,290325;0,105082;0,58065;97,504032;115,07521;134,493416;229,84958;;105,380896;66,77475;24,379024;133,5495
Img66 (3);Img66 (3).txt;0;0,458487;0,499089;0,507329;0,998178;1;0,46234;0,276004;0,106528;0,552007;106,368984;114,79047;117,700328;229,58094;;107,26288;63,48092;24,714496;126,96161
Img64 (6);Img64 (6).txt;0;0,438914;0,5;0,563197;1;1;0,458396;0,29353;0,104911;0,58706;101,828048;115;130,661704;230;;106,347872;67,5119;24,339352;135,0238
Img17 (6);Img17 (6).txt;0;0,420291;0,500415;0,571535;0,99917;1;0,456059;0,293354;0,10477;0,586708;97,507512;115,09545;132,59612;229,8091;;105,805688;67,47142;24,30664;134,94284
Img43;Img43.txt;0;0,428445;0,499834;0,524312;0,999668;1;0,449272;0,265829;0,104097;0,531657;99,39924;114,96182;121,640384;229,92364;;104,231104;61,14067;24,150504;122,28111
Img45 (2);Img45 (2).txt;0;0,44226;0,498501;0,495269;0,99619;1;0,456719;0,272476;0,108185;0,544953;102,60432;114,65523;114,902408;229,1237;;105,958808;62,66948;25,09892;125,33919
Img19;Img19.txt;0;0,426612;0,49993;0,53345;0,999859;1;0,44899;0,271089;0,104203;0,542177;98,973984;114,9839;123,7604;229,96757;;104,16568;62,35047;24,175096;124,70071
Img62 (3);Img62 (3).txt;0;0,457341;0,499509;0,529545;0,999019;1;0,461968;0,271344;0,104325;0,542688;106,103112;114,88707;122,85444;229,77437;;107,176576;62,40912;24,2034;124,81824
Img76 (6);Img76 (6).txt;0;0,433028;0,50023;0,585903;0,999541;1;0,456968;0,299217;0,105135;0,598434;100,462496;115,0529;135,929496;229,89443;;106,016576;68,81991;24,39132;137,63982
Img74;Img74.txt;0;0,434276;0,4998;0,552723;0,999599;1;0,445799;0,277457;0,103552;0,554913;100,752032;114,954;128,231736;229,90777;;103,425368;63,81511;24,024064;127,62999
Img40;Img40.txt;0;0,423545;0,499509;0,530617;0,999019;1;0,450284;0,265184;0,103826;0,530368;98,26244;114,88707;123,103144;229,77437;;104,465888;60,99232;24,087632;121,98464
Img72 (5);Img72 (5).txt;0;0,456225;0,499113;0,540014;0,998227;1;0,44745;0,270506;0,104101;0,541011;105,8442;114,79599;125,283248;229,59221;;103,8084;62,21638;24,151432;124,43253
Img27;Img27.txt;0;0,425172;0,499478;0,516861;0,998957;1;0,450241;0,268102;0,105924;0,536204;98,639904;114,87994;119,911752;229,76011;;104,455912;61,66346;24,574368;123,32692
Img69 (3);Img69 (3).txt;0;0,455913;0,5;0,613575;1;1;0,461985;0,265891;0,103984;0,531783;105,771816;115;142,3494;230;;107,18052;61,15493;24,124288;122,31009
Img33 (5);Img33 (5).txt;0;0,452176;0,499824;0,53568;0,999648;1;0,444328;0,266443;0,10574;0,532885;104,904832;114,95952;124,27776;229,91904;;103,084096;61,28189;24,53168;122,56355
Img18 (5);Img18 (5).txt;0;0,44705;0,499706;0,538331;0,999413;1;0,446967;0,267551;0,108081;0,535102;103,7156;114,93238;124,892792;229,86499;;103,696344;61,53673;25,074792;123,07346
Img1 (5);Img1 (5).txt;0;0,444274;0,498882;0,556094;0,997764;1;0,455536;0,253014;0,106244;0,506028;103,071568;114,74286;129,013808;229,48572;;105,684352;58,19322;24,648608;116,38644
Img10 (4);Img10 (4).txt;0;0,422292;0,500404;0,618729;0,999191;1;0,428557;0,269195;0,106964;0,538391;97,971744;115,09292;143,545128;229,81393;;99,425224;61,91485;24,815648;123,82993
Img26 (5);Img26 (5).txt;0;0,451695;0,499491;0,544973;0,998981;1;0,446956;0,270995;0,105213;0,54199;104,79324;114,88293;126,433736;229,76563;;103,693792;62,32885;24,409416;124,6577
Img67 (2);Img67 (2).txt;0;0,443162;0,498955;0,494687;0,997911;1;0,45324;0,258146;0,114461;0,516292;102,813584;114,75965;114,767384;229,51953;;105,15168;59,37358;26,554952;118,74716
Img18 (3);Img18 (3).txt;0;0,454963;0,499094;0,548032;0,998189;1;0,462104;0,269479;0,105665;0,538958;105,551416;114,79162;127,143424;229,58347;;107,208128;61,98017;24,51428;123,96034
Img67 (6);Img67 (6).txt;0;0,432184;0,500068;0,572086;0,999864;1;0,458317;0,299678;0,104477;0,599355;100,266688;115,01564;132,723952;229,96872;;106,329544;68,92594;24,238664;137,85165
Img71 (5);Img71 (5).txt;0;0,454419;0,499317;0,535081;0,998635;1;0,446885;0,289521;0,104695;0,579043;105,425208;114,84291;124,138792;229,68605;;103,67732;66,58983;24,28924;133,17989
Img76 (4);Img76 (4).txt;0;0,424161;0,5005;0,608425;0,999001;1;0,436716;0,275317;0,107518;0,550634;98,405352;115,115;141,1546;229,77023;;101,318112;63,32291;24,944176;126,64582
Img42 (5);Img42 (5).txt;0;0,455895;0,499224;0,540146;0,998447;1;0,442927;0,274244;0,105331;0,548488;105,76764;114,82152;125,313872;229,64281;;102,759064;63,07612;24,436792;126,15224
Img28 (4);Img28 (4).txt;0;0,42344;0,500423;0,607643;0,999155;1;0,43295;0,30915;0,108208;0,618299;98,23808;115,09729;140,973176;229,80565;;100,4444;71,1045;25,104256;142,20877
Img4 (2);Img4 (2).txt;0;0,462588;0,5;0,493665;1;1;0,436683;0,320581;0,108861;0,641162;107,320416;115;114,53028;230;;101,310456;73,73363;25,255752;147,46726
Img1 (3);Img1 (3).txt;0;0,442109;0,499928;0,523637;0,999856;1;0,462626;0,279935;0,106889;0,559871;102,569288;114,98344;121,483784;229,96688;;107,329232;64,38505;24,798248;128,77033
Img54 (4);Img54 (4).txt;0;0,423349;0,500413;0,608755;0,999173;1;0,436123;0,279998;0,108394;0,559582;98,216968;115,09499;141,23116;229,80979;;101,180536;64,39954;25,147408;128,70386
Img15 (5);Img15 (5).txt;0;0,445955;0,499837;0,541269;0,999674;1;0,449734;0,268961;0,106049;0,537923;103,46156;114,96251;125,574408;229,92502;;104,338288;61,86103;24,603368;123,72229
Img5;Img5.txt;0;0,415547;0,5;0,506869;1;1;0,44974;0,275604;0,10476;0,551208;96,406904;115;117,593608;230;;104,33968;63,38892;24,30432;126,77784
Img14 (5);Img14 (5).txt;0;0,445782;0,499714;0,540628;0,999428;1;0,450582;0,266764;0,106406;0,533527;103,421424;114,93422;125,425696;229,86844;;104,535024;61,35572;24,686192;122,71121
Img64 (4);Img64 (4).txt;0;0,426708;0,500384;0,613402;0,999232;1;0,437906;0,284234;0,107674;0,568467;98,996256;115,08832;142,309264;229,82336;;101,594192;65,37382;24,980368;130,74741
Img10;Img10.txt;0;0,417269;0,499045;0,544675;0,99809;1;0,450993;0,265283;0,104614;0,530565;96,806408;114,78035;126,3646;229,5607;;104,630376;61,01509;24,270448;122,02995
Img21 (2);Img21 (2).txt;0;0,454092;0,499921;0,492983;0,999842;1;0,443859;0,231126;0,109312;0,462252;105,349344;114,98183;114,372056;229,96366;;102,975288;53,15898;25,360384;106,31796
Img16 (6);Img16 (6).txt;0;0,419989;0,500285;0,567825;0,99943;1;0,455947;0,285757;0,105259;0,571515;97,437448;115,06555;131,7354;229,8689;;105,779704;65,72411;24,420088;131,44845
Img12 (5);Img12 (5).txt;0;0,442157;0,499477;0,544422;0,998954;1;0,451962;0,264674;0,105375;0,529348;102,580424;114,87971;126,305904;229,75942;;104,855184;60,87502;24,447;121,75004
Img51 (5);Img51 (5).txt;0;0,453151;0,5;0,551837;1;1;0,443725;0,284675;0,105711;0,56935;105,131032;115;128,026184;230;;102,9442;65,47525;24,524952;130,9505
Img7;Img7.txt;0;0,420608;0,499709;0,519646;0,999419;1;0,452001;0,275177;0,105775;0,550353;97,581056;114,93307;120,557872;229,86637;;104,864232;63,29071;24,5398;126,58119
Img70 (3);Img70 (3).txt;0;0,458424;0,499618;0,531128;0,999237;1;0,461725;0,259899;0,104584;0,519799;106,354368;114,91214;123,221696;229,82451;;107,1202;59,77677;24,263488;119,55377
Img9 (6);Img9 (6).txt;0;0,43272;0,500218;0,622352;0,999564;1;0,457167;0,292616;0,103521;0,585233;100,39104;115,05014;144,385664;229,89972;;106,062744;67,30168;24,016872;134,60359
Img13;Img13.txt;0;0,421234;0,499911;0,540958;0,999821;1;0,450283;0,282176;0,104804;0,564353;97,726288;114,97953;125,502256;229,95883;;104,465656;64,90048;24,314528;129,80119
Img14 (3);Img14 (3).txt;0;0,453398;0,499687;0,541308;0,999375;1;0,463128;0,263386;0,106602;0,526772;105,188336;114,92801;125,583456;229,85625;;107,445696;60,57878;24,731664;121,15756
Img46;Img46.txt;0;0,427882;0,499714;0,529998;0,999428;1;0,44868;0,270713;0,104631;0,541426;99,268624;114,93422;122,959536;229,86844;;104,09376;62,26399;24,274392;124,52798
Img22 (3);Img22 (3).txt;0;0,457076;0,49967;0,533141;0,999341;1;0,46041;0,303825;0,107167;0,607649;106,041632;114,9241;123,688712;229,84843;;106,81512;69,87975;24,862744;139,75927
Img2 (6);Img2 (6).txt;0;0,434925;0,499522;0,572874;0,998104;1;0,459858;0,280781;0,104172;0,561118;100,9026;114,89006;132,906768;229,56392;;106,687056;64,57963;24,167904;129,05714
Img68 (6);Img68 (6).txt;0;0,433089;0,5;0,568426;1;1;0,457995;0,298078;0,104751;0,596156;100,476648;115;131,874832;230;;106,25484;68,55794;24,302232;137,11588
Img59 (6);Img59 (6).txt;0;0,43311;0,500018;0,58501;0,999963;1;0,459041;0,29725;0,104532;0,594499;100,48152;115,00414;135,72232;229,99149;;106,497512;68,3675;24,251424;136,73477
Img11 (6);Img11 (6).txt;0;0,430623;0,50025;0,59018;0,999499;1;0,456588;0,303694;0,104078;0,607388;99,904536;115,0575;136,92176;229,88477;;105,928416;69,84962;24,146096;139,69924
Img34 (3);Img34 (3).txt;0;0,455478;0,499424;0,526305;0,998849;1;0,463851;0,260283;0,10432;0,520566;105,670896;114,86752;122,10276;229,73527;;107,613432;59,86509;24,20224;119,73018
Img22;Img22.txt;0;0,426454;0,499665;0,533243;0,99933;1;0,451013;0,259185;0,104149;0,518369;98,937328;114,92295;123,712376;229,8459;;104,635016;59,61255;24,162568;119,22487
Img44 (3);Img44 (3).txt;0;0,462109;0,5;0,521159;1;1;0,461992;0,271092;0,10533;0,542184;107,209288;115;120,908888;230;;107,182144;62,35116;24,43656;124,70232
Img66 (2);Img66 (2).txt;0;0,442732;0,499107;0,498052;0,998213;1;0,453878;0,270429;0,112844;0,540433;102,713824;114,79461;115,548064;229,58899;;105,299696;62,19867;26,179808;124,29959
Img40 (3);Img40 (3).txt;0;0,460662;0,5;0,521245;1;1;0,463122;0,276919;0,105801;0,553838;106,873584;115;120,92884;230;;107,444304;63,69137;24,545832;127,38274
Img21;Img21.txt;0;0,426416;0,499528;0,539629;0,999056;1;0,450837;0,261127;0,104143;0,522254;98,928512;114,89144;125,193928;229,78288;;104,594184;60,05921;24,161176;120,11842
Img18 (6);Img18 (6).txt;0;0,419173;0,50037;0,571423;0,99926;1;0,455813;0,29244;0,105303;0,584879;97,248136;115,0851;132,570136;229,8298;;105,748616;67,2612;24,430296;134,52217
Img66;Img66.txt;0;0,426887;0,5;0,532002;1;1;0,447842;0,286517;0,103207;0,573034;99,037784;115;123,424464;230;;103,899344;65,89891;23,944024;131,79782
Img4 (3);Img4 (3).txt;0;0,459524;0,499086;0,599465;0,998171;1;0,463571;0,237202;0,103185;0,474046;106,609568;114,78978;139,07588;229,57933;;107,548472;54,55646;23,93892;109,03058
Img2;Img2.txt;0;0,417245;0,5;0,524937;1;1;0,450675;0,273465;0,103352;0,546931;96,80084;115;121,785384;230;;104,5566;62,89695;23,977664;125,79413
Img38 (5);Img38 (5).txt;0;0,452073;0,49994;0,538304;0,99988;1;0,44287;0,277163;0,105209;0,554326;104,880936;114,9862;124,886528;229,9724;;102,74584;63,74749;24,408488;127,49498
Img55 (2);Img55 (2).txt;0;0,442538;0,499088;0,498142;0,998175;1;0,458214;0,259086;0,109927;0,518171;102,668816;114,79024;115,568944;229,58025;;106,305648;59,58978;25,503064;119,17933
Img69 (6);Img69 (6).txt;0;0,43128;0,500107;0,565244;0,999785;1;0,457434;0,2991;0,104996;0,5982;100,05696;115,02461;131,136608;229,95055;;106,124688;68,793;24,359072;137,586
Img71 (6);Img71 (6).txt;0;0,427945;0,500239;0,566151;0,999487;1;0,45616;0,292388;0,106366;0,584776;99,28324;115,05497;131,347032;229,88201;;105,82912;67,24924;24,676912;134,49848
Img61 (6);Img61 (6).txt;0;0,432908;0,499912;0,585801;0,99969;1;0,459358;0,290266;0,104222;0,579441;100,434656;114,97976;135,905832;229,9287;;106,571056;66,76118;24,179504;133,27143
Img49;Img49.txt;0;0,427698;0,499487;0,525307;0,998974;1;0,448313;0,293048;0,10406;0,586096;99,225936;114,88201;121,871224;229,76402;;104,008616;67,40104;24,14192;134,80208
Img13 (6);Img13 (6).txt;0;0,430973;0,500158;0,586108;0,999683;1;0,456035;0,293122;0,105135;0,586245;99,985736;115,03634;135,977056;229,92709;;105,80012;67,41806;24,39132;134,83635
Img72 (3);Img72 (3).txt;0;0,464226;0,498287;0,575411;0,996575;1;0,462036;0,264155;0,104532;0,52831;107,700432;114,60601;133,495352;229,21225;;107,192352;60,75565;24,251424;121,5113
Img9 (3);Img9 (3).txt;0;0,449684;0,499058;0,542477;0,998115;1;0,46357;0,255176;0,105839;0,510351;104,326688;114,78334;125,854664;229,56645;;107,54824;58,69048;24,554648;117,38073
Img35 (6);Img35 (6).txt;0;0,421993;0,500125;0,570782;0,999751;1;0,453908;0,286916;0,105644;0,573833;97,902376;115,02875;132,421424;229,94273;;105,306656;65,99068;24,509408;131,98159
Img72 (4);Img72 (4).txt;0;0,425599;0,500392;0,624523;0,999216;1;0,437187;0,276415;0,10678;0,55283;98,738968;115,09016;144,889336;229,81968;;101,427384;63,57545;24,77296;127,1509
Img47 (4);Img47 (4).txt;0;0,427714;0,500046;0,617746;0,999908;1;0,437439;0,281453;0,104969;0,562906;99,229648;115,01058;143,317072;229,97884;;101,485848;64,73419;24,352808;129,46838
Img74 (4);Img74 (4).txt;0;0,423482;0,500258;0,613893;0,999484;1;0,436495;0,291159;0,107409;0,582318;98,247824;115,05934;142,423176;229,88132;;101,26684;66,96657;24,918888;133,93314
Img50;Img50.txt;0;0,43507;0,499837;0,539707;0,999673;1;0,449576;0,260531;0,10395;0,521062;100,93624;114,96251;125,212024;229,92479;;104,301632;59,92213;24,1164;119,84426
Img29;Img29.txt;0;0,420507;0,49926;0,539185;0,99852;1;0,452955;0,259465;0,103182;0,51893;97,557624;114,8298;125,09092;229,6596;;105,08556;59,67695;23,938224;119,3539
Img65 (4);Img65 (4).txt;0;0,429211;0,500261;0,622819;0,999479;1;0,43769;0,291927;0,107046;0,583854;99,576952;115,06003;144,494008;229,88017;;101,54408;67,14321;24,834672;134,28642
Img24 (3);Img24 (3).txt;0;0,452396;0,498902;0,667205;0,997804;1;0,461718;0,253688;0,105477;0,507376;104,955872;114,74746;154,79156;229,49492;;107,118576;58,34824;24,470664;116,69648
Img45 (6);Img45 (6).txt;0;0,421467;0,5005;0,577559;0,998999;1;0,453591;0,284814;0,105342;0,569628;97,780344;115,115;133,993688;229,76977;;105,233112;65,50722;24,439344;131,01444
Img47;Img47.txt;0;0,428535;0,499291;0,527474;0,998582;1;0,448103;0,271329;0,10605;0,542657;99,42012;114,83693;122,373968;229,67386;;103,959896;62,40567;24,6036;124,81111
Img67 (5);Img67 (5).txt;0;0,455576;0,499214;0,544257;0,998428;1;0,446803;0,256281;0,104231;0,512562;105,693632;114,81922;126,267624;229,63844;;103,658296;58,94463;24,181592;117,88926
Img56;Img56.txt;0;0,415753;0,499539;0,565084;0,999079;1;0,449587;0,268143;0,10367;0,536286;96,454696;114,89397;131,099488;229,78817;;104,304184;61,67289;24,05144;123,34578
Img60 (6);Img60 (6).txt;0;0,428272;0,5;0,558925;1;1;0,4577;0,326137;0,103933;0,652275;99,359104;115;129,6706;230;;106,1864;75,01151;24,112456;150,02325
Img2 (4);Img2 (4).txt;0;0,426382;0,500147;0,605402;0,999444;1;0,429332;0,26459;0,1079;0,528871;98,920624;115,03381;140,453264;229,87212;;99,605024;60,8557;25,0328;121,64033
Img31 (5);Img31 (5).txt;0;0,448139;0,499504;0,536085;0,999008;1;0,446075;0,258821;0,104099;0,517643;103,968248;114,88592;124,37172;229,77184;;103,4894;59,52883;24,150968;119,05789
Img65 (6);Img65 (6).txt;0;0,434078;0,500039;0,572428;0,999922;1;0,458729;0,287672;0,104573;0,575344;100,706096;115,00897;132,803296;229,98206;;106,425128;66,16456;24,260936;132,32912
Img18;Img18.txt;0;0,42802;0,5;0,533082;1;1;0,450289;0,278246;0,106696;0,55311;99,30064;115;123,675024;230;;104,467048;63,99658;24,753472;127,2153
Img44;Img44.txt;0;0,428523;0,499836;0,525067;0,999671;1;0,44917;0,266423;0,104699;0,532847;99,417336;114,96228;121,815544;229,92433;;104,20744;61,27729;24,290168;122,55481
Img54 (5);Img54 (5).txt;0;0,458722;0,498636;0,550564;0,997272;1;0,442746;0,289759;0,105816;0,579518;106,423504;114,68628;127,730848;229,37256;;102,717072;66,64457;24,549312;133,28914
Img16;Img16.txt;0;0,4362;0,5;0,553819;1;1;0,451057;0,276757;0,102921;0,553514;101,1984;115;128,486008;230;;104,645224;63,65411;23,877672;127,30822
Img53 (5);Img53 (5).txt;0;0,458247;0,498929;0,547769;0,997858;1;0,442723;0,279094;0,104783;0,558188;106,313304;114,75367;127,082408;229,50734;;102,711736;64,19162;24,309656;128,38324
Img73 (3);Img73 (3).txt;0;0,45717;0,499445;0,536368;0,998889;1;0,462172;0,26261;0,104405;0,52522;106,06344;114,87235;124,437376;229,74447;;107,223904;60,4003;24,22196;120,8006
Img66 (6);Img66 (6).txt;0;0,434035;0,5;0,571123;1;1;0,458044;0,295492;0,104954;0,590984;100,69612;115;132,500536;230;;106,266208;67,96316;24,349328;135,92632
Img36;Img36.txt;0;0,416788;0,499452;0,552588;0,998904;1;0,451703;0,27249;0,103651;0,54498;96,694816;114,87396;128,200416;229,74792;;104,795096;62,6727;24,047032;125,3454
Img28;Img28.txt;0;0,424832;0,499271;0,506341;0,998542;1;0,451179;0,276402;0,105877;0,552804;98,561024;114,83233;117,471112;229,66466;;104,673528;63,57246;24,563464;127,14492
Img22 (2);Img22 (2).txt;0;0,454616;0,499843;0,490125;0,999687;1;0,444595;0,232821;0,110212;0,465643;105,470912;114,96389;113,709;229,92801;;103,14604;53,54883;25,569184;107,09789
Img45;Img45.txt;0;0,427294;0,499966;0,526176;0,999931;1;0,449267;0,265982;0,104731;0,531965;99,132208;114,99218;122,072832;229,98413;;104,229944;61,17586;24,297592;122,35195
Img55;Img55.txt;0;0,413449;0,498584;0,582656;0,997167;1;0,451354;0,251285;0,103573;0,502571;95,920168;114,67432;135,176192;229,34841;;104,714128;57,79555;24,028936;115,59133
Img10 (6);Img10 (6).txt;0;0,429521;0,500278;0,596249;0,999443;1;0,456852;0,310422;0,104381;0,620844;99,648872;115,06394;138,329768;229,87189;;105,989664;71,39706;24,216392;142,79412
Img28 (5);Img28 (5).txt;0;0,454503;0,499735;0,53884;0,99947;1;0,445704;0,26895;0,106661;0,5379;105,444696;114,93905;125,01088;229,8781;;103,403328;61,8585;24,745352;123,717
Img11 (2);Img11 (2).txt;0;0,459135;0,5;0,488675;1;1;0,439707;0,236771;0,10579;0,473542;106,51932;115;113,3726;230;;102,012024;54,45733;24,54328;108,91466
Img61 (3);Img61 (3).txt;0;0,461058;0,499477;0,545154;0,998955;1;0,462723;0,277817;0,104272;0,555633;106,965456;114,87971;126,475728;229,75965;;107,351736;63,89791;24,191104;127,79559
Img26 (3);Img26 (3).txt;0;0,468224;0,498672;0,574764;0,997345;1;0,462769;0,248054;0,103967;0,496109;108,627968;114,69456;133,345248;229,38935;;107,362408;57,05242;24,120344;114,10507
Img62 (6);Img62 (6).txt;0;0,427447;0,499916;0,570818;0,999832;1;0,458406;0,284806;0,104866;0,568875;99,167704;114,98068;132,429776;229,96136;;106,350192;65,50538;24,328912;130,84125
Img14 (2);Img14 (2).txt;0;0,457273;0,498623;0,486822;0,997246;1;0,440688;0,227863;0,107353;0,455726;106,087336;114,68329;112,942704;229,36658;;102,239616;52,40849;24,905896;104,81698
Img60 (3);Img60 (3).txt;0;0,460396;0,499266;0,550086;0,998532;1;0,462283;0,275854;0,105452;0,551708;106,811872;114,83118;127,619952;229,66236;;107,249656;63,44642;24,464864;126,89284
Img61;Img61.txt;0;0,422185;0,499688;0,522056;0,999376;1;0,449218;0,269631;0,102929;0,539261;97,94692;114,92824;121,116992;229,85648;;104,218576;62,01513;23,879528;124,03003
Img42 (6);Img42 (6).txt;0;0,419386;0,500136;0,575753;0,999728;1;0,453453;0,291062;0,105718;0,582124;97,297552;115,03128;133,574696;229,93744;;105,201096;66,94426;24,526576;133,88852
Img38;Img38.txt;0;0,420431;0,499449;0,544613;0,998899;1;0,450281;0,275549;0,104527;0,551097;97,539992;114,87327;126,350216;229,74677;;104,465192;63,37627;24,250264;126,75231
Img24 (5);Img24 (5).txt;0;0,452872;0,499646;0,536393;0,999292;1;0,447005;0,27291;0,105445;0,545819;105,066304;114,91858;124,443176;229,83716;;103,70516;62,7693;24,46324;125,53837
Img35 (3);Img35 (3).txt;0;0,454354;0,499652;0,523287;0,999305;1;0,463587;0,267789;0,105236;0,535577;105,410128;114,91996;121,402584;229,84015;;107,552184;61,59147;24,414752;123,18271
Img49 (3);Img49 (3).txt;0;0,462138;0,499134;0,529029;0,998268;1;0,461544;0,257769;0,104863;0,515537;107,216016;114,80082;122,734728;229,60164;;107,078208;59,28687;24,328216;118,57351
Img36 (3);Img36 (3).txt;0;0,454797;0,499666;0,522207;0,999332;1;0,463622;0,271038;0,105254;0,542076;105,512904;114,92318;121,152024;229,84636;;107,560304;62,33874;24,418928;124,67748
Img58 (5);Img58 (5).txt;0;0,460134;0,499106;0,541611;0,998213;1;0,443608;0,278336;0,104186;0,556672;106,751088;114,79438;125,653752;229,58899;;102,917056;64,01728;24,171152;128,03456
Img73 (4);Img73 (4).txt;0;0,424339;0,500449;0,621517;0,999102;1;0,437219;0,270646;0,107861;0,541292;98,446648;115,10327;144,191944;229,79346;;101,434808;62,24858;25,023752;124,49716
Img71;Img71.txt;0;0,426022;0,49997;0,526488;0,999939;1;0,446824;0,281045;0,1031;0,56209;98,837104;114,9931;122,145216;229,98597;;103,663168;64,64035;23,9192;129,2807
Img58 (3);Img58 (3).txt;0;0,460695;0,499486;0,542282;0,998972;1;0,462928;0,264123;0,105299;0,528246;106,88124;114,88178;125,809424;229,76356;;107,399296;60,74829;24,429368;121,49658
Img47 (6);Img47 (6).txt;0;0,421656;0,500443;0,556926;0,999113;1;0,452911;0,286514;0,106253;0,566973;97,824192;115,10189;129,206832;229,79599;;105,075352;65,89822;24,650696;130,40379
Img48 (6);Img48 (6).txt;0;0,420371;0,500519;0,559327;0,998961;1;0,454462;0,287842;0,106377;0,569366;97,526072;115,11937;129,763864;229,76103;;105,435184;66,20366;24,679464;130,95418
Img41 (3);Img41 (3).txt;0;0,461506;0,499559;0,524144;0,999118;1;0,462394;0,278047;0,105642;0,556094;107,069392;114,89857;121,601408;229,79714;;107,275408;63,95081;24,508944;127,90162
Img16 (4);Img16 (4).txt;0;0,422737;0,500274;0,618003;0,999451;1;0,430004;0,279439;0,106458;0,558879;98,074984;115,06302;143,376696;229,87373;;99,760928;64,27097;24,698256;128,54217
Img46 (6);Img46 (6).txt;0;0,421042;0,500566;0,571573;0,998868;1;0,452942;0,291427;0,105634;0,582678;97,681744;115,13018;132,604936;229,73964;;105,082544;67,02821;24,507088;134,01594
Img17;Img17.txt;0;0,42961;0,499652;0,549436;0,999304;1;0,449535;0,280184;0,104633;0,560368;99,66952;114,91996;127,469152;229,83992;;104,29212;64,44232;24,274856;128,88464
Img54 (2);Img54 (2).txt;0;0,443067;0,499041;0,498824;0,998083;1;0,458296;0,262777;0,109141;0,525555;102,791544;114,77943;115,727168;229,55909;;106,324672;60,43871;25,320712;120,87765
Img57 (2);Img57 (2).txt;0;0,442995;0,499215;0,4984;0,997062;1;0,456691;0,247036;0,110589;0,494072;102,77484;114,81945;115,6288;229,32426;;105,952312;56,81828;25,656648;113,63656
Img24 (2);Img24 (2).txt;0;0,453456;0,499179;0,493637;0,998358;1;0,443982;0,25542;0,110565;0,510841;105,201792;114,81117;114,523784;229,62234;;103,003824;58,7466;25,65108;117,49343
Img21 (3);Img21 (3).txt;0;0,454773;0,499641;0,540346;0,999283;1;0,461465;0,284272;0,106742;0,568544;105,507336;114,91743;125,360272;229,83509;;107,05988;65,38256;24,764144;130,76512
Img15 (6);Img15 (6).txt;0;0,421278;0,499832;0,569688;0,998868;1;0,455901;0,281925;0,104838;0,563186;97,736496;114,96136;132,167616;229,73964;;105,769032;64,84275;24,322416;129,53278
Img11 (4);Img11 (4).txt;0;0,421497;0,500374;0,622128;0,999253;1;0,429531;0,276733;0,10632;0,553466;97,787304;115,08602;144,333696;229,82819;;99,651192;63,64859;24,66624;127,29718
Img30 (3);Img30 (3).txt;0;0,455386;0,499707;0,531493;0,999414;1;0,462533;0,295333;0,105526;0,590665;105,649552;114,93261;123,306376;229,86522;;107,307656;67,92659;24,482032;135,85295
Img24 (4);Img24 (4).txt;0;0,420726;0,500065;0,606764;0,99987;1;0,427328;0,311607;0,107107;0,623214;97,608432;115,01495;140,769248;229,9701;;99,140096;71,66961;24,848824;143,33922
Img20;Img20.txt;0;0,42556;0,49978;0,534647;0,99956;1;0,449359;0,265561;0,104467;0,531121;98,72992;114,9494;124,038104;229,8988;;104,251288;61,07903;24,236344;122,15783
Img35 (5);Img35 (5).txt;0;0,450551;0,499596;0,548411;0,999192;1;0,443913;0,274161;0,105741;0,548321;104,527832;114,90708;127,231352;229,81416;;102,987816;63,05703;24,531912;126,11383
Img60 (2);Img60 (2).txt;0;0,445063;0,499154;0,49642;0,99753;1;0,455286;0,249805;0,112179;0,49961;103,254616;114,80542;115,16944;229,4319;;105,626352;57,45515;26,025528;114,9103
Img37 (4);Img37 (4).txt;0;0,422871;0,5;0,609669;1;1;0,43488;0,310768;0,106494;0,621537;98,106072;115;141,443208;230;;100,89216;71,47664;24,706608;142,95351
Img1;Img1.txt;0;0,419742;0,499754;0,53442;0,999508;1;0,451082;0,277432;0,102289;0,554864;97,380144;114,94342;123,98544;229,88684;;104,651024;63,80936;23,731048;127,61872
Img8 (3);Img8 (3).txt;0;0,449162;0,4989;0,548034;0,9978;1;0,463228;0,240427;0,10521;0,480854;104,205584;114,747;127,143888;229,494;;107,468896;55,29821;24,40872;110,59642
Img8 (2);Img8 (2).txt;0;0,467384;0,499679;0,487359;0,999357;1;0,437449;0,27109;0,108925;0,542181;108,433088;114,92617;113,067288;229,85211;;101,488168;62,3507;25,2706;124,70163
Img52 (3);Img52 (3).txt;0;0,461984;0,5;0,504568;1;1;0,460497;0,264615;0,106457;0,52923;107,180288;115;117,059776;230;;106,835304;60,86145;24,698024;121,7229
Img28 (2);Img28 (2).txt;0;0,450349;0,499682;0,486966;0,999364;1;0,444546;0,255261;0,111991;0,507164;104,480968;114,92686;112,976112;229,85372;;103,134672;58,71003;25,981912;116,64772
Img73 (2);Img73 (2).txt;0;0,442894;0,499532;0,48396;0,999065;1;0,449318;0,27218;0,112295;0,540577;102,751408;114,89236;112,27872;229,78495;;104,241776;62,6014;26,05244;124,33271
Img57 (6);Img57 (6).txt;0;0,427631;0,500192;0,592017;0,999617;1;0,458326;0,294427;0,104253;0,588854;99,210392;115,04416;137,347944;229,91191;;106,331632;67,71821;24,186696;135,43642
Img15;Img15.txt;0;0,429096;0,5;0,542717;1;1;0,449879;0,284927;0,104076;0,569854;99,550272;115;125,910344;230;;104,371928;65,53321;24,145632;131,06642
Img30 (4);Img30 (4).txt;0;0,41835;0,500123;0,633856;0,999754;1;0,433207;0,297166;0,106444;0,594333;97,0572;115,02829;147,054592;229,94342;;100,504024;68,34818;24,695008;136,69659
Img74 (5);Img74 (5).txt;0;0,459172;0,499028;0,537747;0,998055;1;0,447855;0,288798;0,104177;0,577595;106,527904;114,77644;124,757304;229,55265;;103,90236;66,42354;24,169064;132,84685
Img37 (3);Img37 (3).txt;0;0,458611;0,499817;0,532527;0,999634;1;0,463688;0,268296;0,104809;0,536593;106,397752;114,95791;123,546264;229,91582;;107,575616;61,70808;24,315688;123,41639
Img33 (4);Img33 (4).txt;0;0,423087;0,500822;0,627784;0,998357;1;0,435164;0,265397;0,107133;0,530641;98,156184;115,18906;145,645888;229,62211;;100,958048;61,04131;24,854856;122,04743
Img39 (4);Img39 (4).txt;0;0,425648;0,50022;0,600948;0,99956;1;0,433227;0,324954;0,107246;0,649094;98,750336;115,0506;139,419936;229,8988;;100,508664;74,73942;24,881072;149,29162
Img52 (4);Img52 (4).txt;0;0,425554;0,500362;0,614976;0,999277;1;0,436351;0,296721;0,107679;0,593441;98,728528;115,08326;142,674432;229,83371;;101,233432;68,24583;24,981528;136,49143
Img17 (3);Img17 (3).txt;0;0,455566;0,499124;0,552684;0,998247;1;0,462079;0,274409;0,106247;0,548818;105,691312;114,79852;128,222688;229,59681;;107,202328;63,11407;24,649304;126,22814
Img37 (5);Img37 (5).txt;0;0,451434;0,499748;0,538252;0,999496;1;0,443422;0,279132;0,105536;0,558263;104,732688;114,94204;124,874464;229,88408;;102,873904;64,20036;24,484352;128,40049
Img42 (3);Img42 (3).txt;0;0,463369;0,5;0,519137;1;1;0,46228;0,269965;0,104809;0,53993;107,501608;115;120,439784;230;;107,24896;62,09195;24,315688;124,1839
